GG OTU,KEGG,ASV,Gene copies,Abundance (%),Contribution (%),Phylum,Class,Order,Family,Genus,Species
568345,K01452,ASV0001,1,36.27709494,0.921817788,Bacteria,Proteobacteria,Alphaproteobacteria,Rhodobacterales,Rhodobacteraceae,Donghicola,eburneus
275246,K01183,ASV0004,3,9.582416716,0.763979357,Bacteria,Proteobacteria,Gammaproteobacteria,Cellvibrionales,Cellvibrionaceae,NA,NA
797229,K01183,ASV0008,1,0.523775841,0.013919729,Bacteria,Proteobacteria,Gammaproteobacteria,Enterobacteriales,Enterobacteriaceae,Escherichia/Shigella,NA
797229,K03933,ASV0008,1,0.523775841,0.327788209,Bacteria,Proteobacteria,Gammaproteobacteria,Enterobacteriales,Enterobacteriaceae,Escherichia/Shigella,NA
217732,K01183,ASV0018,1,1.950026055,0.051823379,Bacteria,Bacteroidetes,Bacteroidia,Flavobacteriales,Flavobacteriaceae,Muricauda,NA
939811,K01183,ASV0024,3,0.785430874,0.062620213,Bacteria,Proteobacteria,Gammaproteobacteria,Vibrionales,Vibrionaceae,Vibrio,NA
939811,K01452,ASV0024,1,0.785430874,0.019958162,Bacteria,Proteobacteria,Gammaproteobacteria,Vibrionales,Vibrionaceae,Vibrio,NA
939811,K03933,ASV0024,1,0.785430874,0.491536568,Bacteria,Proteobacteria,Gammaproteobacteria,Vibrionales,Vibrionaceae,Vibrio,NA
1010927,K01183,ASV0035,3,0.54575112,0.043511215,Bacteria,Proteobacteria,Gammaproteobacteria,Cellvibrionales,Cellvibrionaceae,Marinimicrobium,NA
208171,K01183,ASV0040,3,0.485537262,0.038710532,Bacteria,Proteobacteria,Gammaproteobacteria,Cellvibrionales,Cellvibrionaceae,Aestuariicella,NA
208171,K01183,ASV0042,3,0.485537262,0.038710532,Bacteria,Proteobacteria,Gammaproteobacteria,Cellvibrionales,Cellvibrionaceae,Aestuariicella,NA
722628,K01452,ASV0043,1,0.715259006,0.018175063,Bacteria,Proteobacteria,Alphaproteobacteria,Rhodobacterales,Rhodobacteraceae,Celeribacter,halophilus
590482,K01183,ASV0048,1,0.307845314,0.008181216,Bacteria,Marinimicrobia_(SAR406_clade),NA,NA,NA,NA,NA
568345,K01452,ASV0052,1,36.27709494,0.921817788,Bacteria,Proteobacteria,Alphaproteobacteria,Rhodobacterales,Rhodobacteraceae,Donghicola,NA
217732,K01183,ASV0057,1,1.950026055,0.051823379,Bacteria,Bacteroidetes,Bacteroidia,Flavobacteriales,Flavobacteriaceae,Muricauda,NA
773900,K01452,ASV0065,1,0.299970864,0.007622399,Bacteria,Proteobacteria,Alphaproteobacteria,Rhodobacterales,Rhodobacteraceae,Tropicimonas,NA
705967,K01452,ASV0088,1,0.194450578,0.004941079,Bacteria,Proteobacteria,Alphaproteobacteria,Rhodobacterales,Rhodobacteraceae,Thiobacimonas,profunda
1111582,K03933,ASV0089,2,0.067135191,0.084028786,Bacteria,Firmicutes,Bacilli,Lactobacillales,Carnobacteriaceae,Trichococcus,NA
624227,K01183,ASV0101,1,0.017022699,0.000452391,Bacteria,Actinobacteria,Actinobacteria,Frankiales,Cryptosporangiaceae,Fodinicola,NA
624227,K03933,ASV0101,1,0.017022699,0.010653107,Bacteria,Actinobacteria,Actinobacteria,Frankiales,Cryptosporangiaceae,Fodinicola,NA
593437,K01452,ASV0107,1,0.300206365,0.007628383,Bacteria,Proteobacteria,Alphaproteobacteria,Rhodobacterales,Rhodobacteraceae,NA,NA
217239,K01452,ASV0109,1,0.174569805,0.0044359,Bacteria,Proteobacteria,Alphaproteobacteria,Rhodobacterales,Rhodobacteraceae,Rhodovulum,adriaticum
854050,K01183,ASV0114,1,0.018999179,0.000504917,Bacteria,Firmicutes,Bacilli,Bacillales,Bacillaceae,Bacillus,NA
722628,K01452,ASV0123,1,0.715259006,0.018175063,Bacteria,Proteobacteria,Alphaproteobacteria,Rhodobacterales,Rhodobacteraceae,NA,NA
217732,K01183,ASV0126,1,1.950026055,0.051823379,Bacteria,Bacteroidetes,Bacteroidia,Flavobacteriales,Flavobacteriaceae,Muricauda,NA
1011088,K01452,ASV0141,1,0.242527797,0.006162744,Bacteria,Proteobacteria,Alphaproteobacteria,Rhodobacterales,Rhodobacteraceae,NA,NA
4198891,K01183,ASV0153,1,0.058334704,0.001550288,Bacteria,Proteobacteria,Deltaproteobacteria,PB19,NA,NA,NA
106281,K01183,ASV0157,1,0.140724553,0.003739859,Bacteria,Bacteroidetes,Bacteroidia,Cytophagales,Cyclobacteriaceae,Cyclobacterium,marinum
1011088,K01452,ASV0168,1,0.242527797,0.006162744,Bacteria,Proteobacteria,Alphaproteobacteria,Rhodobacterales,Rhodobacteraceae,NA,NA
568345,K01452,ASV0178,1,36.27709494,0.921817788,Bacteria,Proteobacteria,Alphaproteobacteria,Rhodobacterales,Rhodobacteraceae,Donghicola,NA
974121,K01183,ASV0186,2,0.004392247,0.000233454,Bacteria,Proteobacteria,Gammaproteobacteria,Pseudomonadales,Pseudomonadaceae,Pseudomonas,NA
974121,K03791,ASV0186,1,0.004392247,0.043075215,Bacteria,Proteobacteria,Gammaproteobacteria,Pseudomonadales,Pseudomonadaceae,Pseudomonas,NA
974121,K03933,ASV0186,2,0.004392247,0.005497492,Bacteria,Proteobacteria,Gammaproteobacteria,Pseudomonadales,Pseudomonadaceae,Pseudomonas,NA
828667,K01183,ASV0209,1,0.000468943,1.25E-05,Bacteria,Actinobacteria,Actinobacteria,Micrococcales,Micrococcaceae,Pseudarthrobacter,NA
1111582,K03933,ASV0219,2,0.067135191,0.084028786,Bacteria,Firmicutes,Bacilli,Lactobacillales,Carnobacteriaceae,Granulicatella,NA
1088647,K03791,ASV0233,1,0.001588084,0.015574502,Bacteria,Bacteroidetes,Bacteroidia,Flavobacteriales,Weeksellaceae,Chryseobacterium,NA
2111163,K03791,ASV0235,1,0.003619436,0.035496179,Bacteria,Proteobacteria,Gammaproteobacteria,Betaproteobacteriales,Burkholderiaceae,Cupriavidus,gilardii
2252883,K01183,ASV0258,1,0.054813175,0.001456701,Bacteria,Calditrichaeota,Calditrichia,Calditrichales,Calditrichaceae,SM23-31,NA
1097359,K01452,ASV0266,1,0.032834463,0.000834339,Bacteria,Proteobacteria,Gammaproteobacteria,Pseudomonadales,Moraxellaceae,Acinetobacter,NA
579705,K01452,ASV0271,1,0.069697231,0.001771039,Bacteria,Proteobacteria,Alphaproteobacteria,Rhodobacterales,Rhodobacteraceae,Roseobacter,NA
593437,K01452,ASV0280,1,0.300206365,0.007628383,Bacteria,Proteobacteria,Alphaproteobacteria,Rhodobacterales,Rhodobacteraceae,NA,NA
326605,K01452,ASV0302,1,0.015669871,0.000398179,Bacteria,Proteobacteria,Gammaproteobacteria,Pseudomonadales,Pseudomonadaceae,Pseudomonas,NA
326605,K03933,ASV0302,1,0.015669871,0.009806483,Bacteria,Proteobacteria,Gammaproteobacteria,Pseudomonadales,Pseudomonadaceae,Pseudomonas,NA
922761,K01183,ASV0306,1,0.018999215,0.000504918,Bacteria,Proteobacteria,Gammaproteobacteria,Enterobacteriales,Enterobacteriaceae,Lelliottia,NA
922761,K03791,ASV0306,1,0.018999215,0.186327241,Bacteria,Proteobacteria,Gammaproteobacteria,Enterobacteriales,Enterobacteriaceae,Lelliottia,NA
922761,K03933,ASV0306,2,0.018999215,0.023780091,Bacteria,Proteobacteria,Gammaproteobacteria,Enterobacteriales,Enterobacteriaceae,Lelliottia,NA
936354,K01452,ASV0315,1,0.011136665,0.000282988,Bacteria,Proteobacteria,Gammaproteobacteria,Pseudomonadales,Moraxellaceae,NA,NA
913174,K01183,ASV0318,1,0.0062269,0.000165484,Bacteria,Bacteroidetes,Bacteroidia,Cytophagales,Spirosomaceae,Lacihabitans,NA
839235,K01183,ASV0336,1,0.007713785,0.000205,Bacteria,Proteobacteria,Gammaproteobacteria,Aeromonadales,Aeromonadaceae,Aeromonas,NA
839235,K03933,ASV0336,1,0.007713785,0.004827423,Bacteria,Proteobacteria,Gammaproteobacteria,Aeromonadales,Aeromonadaceae,Aeromonas,NA
1101451,K01183,ASV0337,1,0.004654195,0.000123689,Bacteria,Actinobacteria,Actinobacteria,Micrococcales,Micrococcaceae,Micrococcus,NA
741010,K01183,ASV0342,3,0.002759973,0.000220045,Bacteria,Proteobacteria,Gammaproteobacteria,Cellvibrionales,Cellvibrionaceae,Cellvibrio,gandavensis
188150,K01452,ASV0343,1,0.051876908,0.001318216,Bacteria,Proteobacteria,Alphaproteobacteria,Rhodobacterales,Rhodobacteraceae,NA,NA
722628,K01452,ASV0344,1,0.715259006,0.018175063,Bacteria,Proteobacteria,Alphaproteobacteria,Rhodobacterales,Rhodobacteraceae,NA,NA
1039092,K03791,ASV0358,1,0.000585881,0.005745795,Bacteria,Bacteroidetes,Bacteroidia,Flavobacteriales,Weeksellaceae,Chryseobacterium,NA
217732,K01183,ASV0364,1,1.950026055,0.051823379,Bacteria,Bacteroidetes,Bacteroidia,Flavobacteriales,Flavobacteriaceae,Muricauda,NA
1848083,K01452,ASV0371,1,0.038948254,0.000989693,Bacteria,Proteobacteria,Alphaproteobacteria,Rhodobacterales,Rhodobacteraceae,NA,NA
817734,K01183,ASV0372,1,0.012214705,0.000324615,Bacteria,Proteobacteria,Gammaproteobacteria,Pseudomonadales,Pseudomonadaceae,Pseudomonas,NA
817734,K03791,ASV0372,2,0.012214705,0.239581719,Bacteria,Proteobacteria,Gammaproteobacteria,Pseudomonadales,Pseudomonadaceae,Pseudomonas,NA
817734,K03933,ASV0372,1,0.012214705,0.007644179,Bacteria,Proteobacteria,Gammaproteobacteria,Pseudomonadales,Pseudomonadaceae,Pseudomonas,NA
1033018,K01183,ASV0390,2,0.006352671,0.000337654,Bacteria,Proteobacteria,Gammaproteobacteria,Betaproteobacteriales,Burkholderiaceae,Massilia,NA
1033018,K03791,ASV0390,1,0.006352671,0.062301293,Bacteria,Proteobacteria,Gammaproteobacteria,Betaproteobacteriales,Burkholderiaceae,Massilia,NA
1097359,K01452,ASV0393,1,0.032834463,0.000834339,Bacteria,Proteobacteria,Gammaproteobacteria,Pseudomonadales,Moraxellaceae,Acinetobacter,NA
568345,K01452,ASV0400,1,36.27709494,0.921817788,Bacteria,Proteobacteria,Alphaproteobacteria,Rhodobacterales,Rhodobacteraceae,NA,NA
705967,K01452,ASV0403,1,0.194450578,0.004941079,Bacteria,Proteobacteria,Alphaproteobacteria,Rhodobacterales,Rhodobacteraceae,Thiobacimonas,NA
238484,K01452,ASV0411,1,0.001662183,4.22E-05,Bacteria,Proteobacteria,Gammaproteobacteria,Pseudomonadales,Moraxellaceae,Alkanindiges,NA
1111582,K03933,ASV0417,2,0.067135191,0.084028786,Bacteria,Firmicutes,Bacilli,Lactobacillales,Enterococcaceae,Enterococcus,NA
188150,K01452,ASV0425,1,0.051876908,0.001318216,Bacteria,Proteobacteria,Alphaproteobacteria,Rhodobacterales,Rhodobacteraceae,Donghicola,NA
1051517,K01183,ASV0428,1,0.013888455,0.000369096,Bacteria,Firmicutes,Bacilli,Bacillales,Bacillaceae,Geobacillus,NA
1011088,K01452,ASV0436,1,0.242527797,0.006162744,Bacteria,Proteobacteria,Alphaproteobacteria,Rhodobacterales,Rhodobacteraceae,NA,NA
314432,K01452,ASV0437,1,0.000324333,8.24E-06,Bacteria,Cyanobacteria,Oxyphotobacteria,Nostocales,Phormidiaceae,Arthrospira_PCC-7345,NA
1011088,K01452,ASV0458,1,0.242527797,0.006162744,Bacteria,Proteobacteria,Alphaproteobacteria,Rhodobacterales,Rhodobacteraceae,NA,NA
966091,K01183,ASV0474,2,0.00053545,2.85E-05,Bacteria,Actinobacteria,Actinobacteria,Frankiales,Geodermatophilaceae,Modestobacter,lapidis
966091,K03933,ASV0474,1,0.00053545,0.000335094,Bacteria,Actinobacteria,Actinobacteria,Frankiales,Geodermatophilaceae,Modestobacter,lapidis
573270,K03791,ASV0485,1,0.00083404,0.008179515,Bacteria,Proteobacteria,Gammaproteobacteria,Betaproteobacteriales,Burkholderiaceae,Noviherbaspirillum,suwonense
573270,K03933,ASV0485,1,0.00083404,0.000521957,Bacteria,Proteobacteria,Gammaproteobacteria,Betaproteobacteriales,Burkholderiaceae,Noviherbaspirillum,suwonense
225487,K01452,ASV0486,1,0.006574751,0.000167067,Bacteria,Proteobacteria,Gammaproteobacteria,Pseudomonadales,Pseudomonadaceae,Pseudomonas,NA
974121,K01183,ASV0495,2,0.004392247,0.000233454,Bacteria,Proteobacteria,Gammaproteobacteria,Pseudomonadales,Pseudomonadaceae,Pseudomonas,NA
974121,K03791,ASV0495,1,0.004392247,0.043075215,Bacteria,Proteobacteria,Gammaproteobacteria,Pseudomonadales,Pseudomonadaceae,Pseudomonas,NA
974121,K03933,ASV0495,2,0.004392247,0.005497492,Bacteria,Proteobacteria,Gammaproteobacteria,Pseudomonadales,Pseudomonadaceae,Pseudomonas,NA
1111582,K03933,ASV0500,2,0.067135191,0.084028786,Bacteria,Firmicutes,Bacilli,Lactobacillales,Carnobacteriaceae,Carnobacterium,NA
590450,K01183,ASV0507,1,0.000301759,8.02E-06,Bacteria,Firmicutes,Clostridia,Clostridiales,Clostridiaceae_1,Clostridium_sensu_stricto_13,bowmanii
814909,K01183,ASV0518,1,0.00332995,8.85E-05,Bacteria,Actinobacteria,Actinobacteria,Micrococcales,Microbacteriaceae,Microbacterium,NA
4424725,K01183,ASV0522,1,0.016328766,0.000433949,Bacteria,Proteobacteria,Gammaproteobacteria,Oceanospirillales,Saccharospirillaceae,Reinekea,blandensis
577170,K01183,ASV0528,1,0.000730995,1.94E-05,Bacteria,Bacteroidetes,Bacteroidia,Bacteroidales,Bacteroidaceae,Bacteroides,NA
589277,K01183,ASV0529,1,0.004668426,0.000124067,Bacteria,Bacteroidetes,Bacteroidia,Bacteroidales,Bacteroidaceae,Bacteroides,dorei
585063,K01183,ASV0542,1,0.001911146,5.08E-05,Bacteria,Actinobacteria,Actinobacteria,PeM15,NA,NA,NA
585063,K03933,ASV0542,1,0.001911146,0.001196029,Bacteria,Actinobacteria,Actinobacteria,PeM15,NA,NA,NA
646549,K01183,ASV0554,1,0.009617197,0.000255584,Bacteria,Proteobacteria,Gammaproteobacteria,Pseudomonadales,Pseudomonadaceae,Pseudomonas,NA
646549,K03791,ASV0554,1,0.009617197,0.094316833,Bacteria,Proteobacteria,Gammaproteobacteria,Pseudomonadales,Pseudomonadaceae,Pseudomonas,NA
646549,K03933,ASV0554,2,0.009617197,0.012037225,Bacteria,Proteobacteria,Gammaproteobacteria,Pseudomonadales,Pseudomonadaceae,Pseudomonas,NA
939811,K01183,ASV0556,3,0.785430874,0.062620213,Bacteria,Proteobacteria,Gammaproteobacteria,Vibrionales,Vibrionaceae,Vibrio,NA
939811,K01452,ASV0556,1,0.785430874,0.019958162,Bacteria,Proteobacteria,Gammaproteobacteria,Vibrionales,Vibrionaceae,Vibrio,NA
939811,K03933,ASV0556,1,0.785430874,0.491536568,Bacteria,Proteobacteria,Gammaproteobacteria,Vibrionales,Vibrionaceae,Vibrio,NA
580625,K01452,ASV0561,1,0.014160103,0.000359815,Bacteria,Proteobacteria,Alphaproteobacteria,Rhizobiales,Xanthobacteraceae,Afipia,NA
581409,K01183,ASV0576,2,0.002565262,0.000136347,Bacteria,Proteobacteria,Gammaproteobacteria,Betaproteobacteriales,Burkholderiaceae,Undibacterium,aquatile
581409,K03791,ASV0576,1,0.002565262,0.025157786,Bacteria,Proteobacteria,Gammaproteobacteria,Betaproteobacteriales,Burkholderiaceae,Undibacterium,aquatile
1051517,K01183,ASV0578,1,0.013888455,0.000369096,Bacteria,Firmicutes,Bacilli,Bacillales,Bacillaceae,Bacillus,NA
1074625,K01183,ASV0590,1,0.004103098,0.000109043,Bacteria,Actinobacteria,Actinobacteria,Micrococcales,Microbacteriaceae,Agreia,NA
643362,K01183,ASV0595,2,0.001011804,5.38E-05,Bacteria,Firmicutes,Clostridia,Clostridiales,Clostridiaceae_1,Clostridium_sensu_stricto_1,NA
820370,K01183,ASV0605,1,0.003637148,9.67E-05,Bacteria,Bacteroidetes,Bacteroidia,Sphingobacteriales,Sphingobacteriaceae,Solitalea,NA
359098,K01183,ASV0606,1,0.001697815,4.51E-05,Bacteria,Actinobacteria,Actinobacteria,Bifidobacteriales,Bifidobacteriaceae,Bifidobacterium,NA
275246,K01183,ASV0613,3,9.582416716,0.763979357,Bacteria,Proteobacteria,Gammaproteobacteria,Cellvibrionales,Cellvibrionaceae,Pseudoteredinibacter,NA
512485,K01452,ASV0623,1,0.002395674,6.09E-05,Bacteria,Proteobacteria,Gammaproteobacteria,Pseudomonadales,Moraxellaceae,Acinetobacter,NA
336559,K01183,ASV0644,1,0.00163213,4.34E-05,Bacteria,Bacteroidetes,Bacteroidia,Bacteroidales,Bacteroidaceae,Bacteroides,massiliensis
646549,K01183,ASV0649,1,0.009617197,0.000255584,Bacteria,Proteobacteria,Gammaproteobacteria,Pseudomonadales,Pseudomonadaceae,Pseudomonas,NA
646549,K03791,ASV0649,1,0.009617197,0.094316833,Bacteria,Proteobacteria,Gammaproteobacteria,Pseudomonadales,Pseudomonadaceae,Pseudomonas,NA
646549,K03933,ASV0649,2,0.009617197,0.012037225,Bacteria,Proteobacteria,Gammaproteobacteria,Pseudomonadales,Pseudomonadaceae,Pseudomonas,NA
580625,K01452,ASV0658,1,0.014160103,0.000359815,Bacteria,Proteobacteria,Alphaproteobacteria,Rhizobiales,Xanthobacteraceae,Afipia,broomeae
589277,K01183,ASV0659,1,0.004668426,0.000124067,Bacteria,Bacteroidetes,Bacteroidia,Bacteroidales,Bacteroidaceae,Bacteroides,vulgatus
716006,K01183,ASV0674,1,0.001124278,2.99E-05,Bacteria,Firmicutes,Bacilli,Lactobacillales,Streptococcaceae,Lactococcus,NA
716006,K03933,ASV0674,1,0.001124278,0.000703593,Bacteria,Firmicutes,Bacilli,Lactobacillales,Streptococcaceae,Lactococcus,NA
1011088,K01452,ASV0700,1,0.242527797,0.006162744,Bacteria,Proteobacteria,Alphaproteobacteria,Rhodobacterales,Rhodobacteraceae,NA,NA
1124040,K03791,ASV0705,1,0.004175094,0.040945571,Bacteria,Proteobacteria,Gammaproteobacteria,Betaproteobacteriales,Aquaspirillaceae,Rivicola,NA
780788,K03791,ASV0709,1,8.60E-05,0.000843213,Bacteria,Proteobacteria,Gammaproteobacteria,Xanthomonadales,Xanthomonadaceae,Stenotrophomonas,NA
804175,K01452,ASV0712,1,0.029622995,0.000752734,Bacteria,Proteobacteria,Alphaproteobacteria,Rhodobacterales,Rhodobacteraceae,Roseobacter,NA
938948,K01452,ASV0724,1,0.00097615,2.48E-05,Bacteria,Fusobacteria,Fusobacteriia,Fusobacteriales,Fusobacteriaceae,Fusobacterium,periodonticum
581409,K01183,ASV0742,2,0.002565262,0.000136347,Bacteria,Proteobacteria,Gammaproteobacteria,Betaproteobacteriales,Burkholderiaceae,Undibacterium,parvum
581409,K03791,ASV0742,1,0.002565262,0.025157786,Bacteria,Proteobacteria,Gammaproteobacteria,Betaproteobacteriales,Burkholderiaceae,Undibacterium,parvum
1097359,K01452,ASV0743,1,0.032834463,0.000834339,Bacteria,Proteobacteria,Gammaproteobacteria,Pseudomonadales,Moraxellaceae,Acinetobacter,NA
892370,K01183,ASV0755,1,0.00342029,9.09E-05,Bacteria,Bacteroidetes,Bacteroidia,Chitinophagales,Chitinophagaceae,Ferruginibacter,NA
773900,K01452,ASV0757,1,0.299970864,0.007622399,Bacteria,Proteobacteria,Alphaproteobacteria,Rhodobacterales,Rhodobacteraceae,NA,NA
773575,K01183,ASV0762,1,0.005640651,0.000149904,Bacteria,Bacteroidetes,Bacteroidia,Chitinophagales,Saprospiraceae,NA,NA
922761,K01183,ASV0763,1,0.018999215,0.000504918,Bacteria,Proteobacteria,Gammaproteobacteria,Enterobacteriales,Enterobacteriaceae,Pantoea,agglomerans
922761,K03791,ASV0763,1,0.018999215,0.186327241,Bacteria,Proteobacteria,Gammaproteobacteria,Enterobacteriales,Enterobacteriaceae,Pantoea,agglomerans
922761,K03933,ASV0763,2,0.018999215,0.023780091,Bacteria,Proteobacteria,Gammaproteobacteria,Enterobacteriales,Enterobacteriaceae,Pantoea,agglomerans
581409,K01183,ASV0767,2,0.002565262,0.000136347,Bacteria,Proteobacteria,Gammaproteobacteria,Betaproteobacteriales,Burkholderiaceae,Undibacterium,NA
581409,K03791,ASV0767,1,0.002565262,0.025157786,Bacteria,Proteobacteria,Gammaproteobacteria,Betaproteobacteriales,Burkholderiaceae,Undibacterium,NA
561830,K01183,ASV0768,1,0.000152344,4.05E-06,Bacteria,Caldiserica,Caldisericia,Caldisericales,WCHB1-02,NA,NA
836783,K01183,ASV0769,2,0.003128497,0.000166284,Bacteria,Proteobacteria,Gammaproteobacteria,Alteromonadales,Shewanellaceae,Shewanella,NA
836783,K03933,ASV0769,1,0.003128497,0.001957869,Bacteria,Proteobacteria,Gammaproteobacteria,Alteromonadales,Shewanellaceae,Shewanella,NA
511866,K01183,ASV0797,1,0.000704196,1.87E-05,Bacteria,Bacteroidetes,Bacteroidia,Chitinophagales,Chitinophagaceae,NA,NA
966231,K01183,ASV0798,1,7.80E-05,2.07E-06,Bacteria,Bacteroidetes,Bacteroidia,Chitinophagales,Chitinophagaceae,Terrimonas,NA
410196,K01183,ASV0814,3,0.002351198,0.000187454,Bacteria,Firmicutes,Bacilli,Bacillales,Paenibacillaceae,Paenibacillus,NA
410196,K03933,ASV0814,1,0.002351198,0.001471421,Bacteria,Firmicutes,Bacilli,Bacillales,Paenibacillaceae,Paenibacillus,NA
1011088,K01452,ASV0817,1,0.242527797,0.006162744,Bacteria,Proteobacteria,Alphaproteobacteria,Rhodobacterales,Rhodobacteraceae,NA,NA
646549,K01183,ASV0822,1,0.009617197,0.000255584,Bacteria,Proteobacteria,Gammaproteobacteria,Pseudomonadales,Pseudomonadaceae,Pseudomonas,NA
646549,K03791,ASV0822,1,0.009617197,0.094316833,Bacteria,Proteobacteria,Gammaproteobacteria,Pseudomonadales,Pseudomonadaceae,Pseudomonas,NA
646549,K03933,ASV0822,2,0.009617197,0.012037225,Bacteria,Proteobacteria,Gammaproteobacteria,Pseudomonadales,Pseudomonadaceae,Pseudomonas,NA
210236,K01183,ASV0825,1,3.86E-05,1.03E-06,Bacteria,Omnitrophicaeota,NA,NA,NA,NA,NA
773575,K01183,ASV0830,1,0.005640651,0.000149904,Bacteria,Bacteroidetes,Bacteroidia,Chitinophagales,Saprospiraceae,NA,NA
352304,K01183,ASV0856,1,0.001166474,3.10E-05,Bacteria,Firmicutes,Clostridia,Clostridiales,Lachnospiraceae,Roseburia,inulinivorans
4416230,K01183,ASV0863,1,0.004126011,0.000109652,Bacteria,Kiritimatiellaeota,Kiritimatiellae,Kiritimatiellales,Kiritimatiellaceae,MSBL3,NA
217732,K01183,ASV0870,1,1.950026055,0.051823379,Bacteria,Bacteroidetes,Bacteroidia,Flavobacteriales,Flavobacteriaceae,Muricauda,NA
854272,K01452,ASV0878,1,0.004192443,0.000106532,Bacteria,Proteobacteria,Alphaproteobacteria,Rhodobacterales,Rhodobacteraceae,Paracoccus,NA
781203,K01183,ASV0902,1,0.000276105,7.34E-06,Bacteria,Bacteroidetes,Bacteroidia,Chitinophagales,Chitinophagaceae,Sediminibacterium,NA
1065974,K03933,ASV0907,1,0.00016622,0.000104023,Bacteria,Firmicutes,Bacilli,Lactobacillales,Carnobacteriaceae,Trichococcus,pasteurii
1088647,K03791,ASV0919,1,0.001588084,0.015574502,Bacteria,Bacteroidetes,Bacteroidia,Flavobacteriales,Weeksellaceae,Chryseobacterium,chaponense
589071,K01183,ASV0942,2,0.002246896,0.000119426,Bacteria,Bacteroidetes,Bacteroidia,Bacteroidales,Bacteroidaceae,Bacteroides,uniformis
77498,K01183,ASV0974,1,0.001610326,4.28E-05,Bacteria,Bacteroidetes,Bacteroidia,Cytophagales,Microscillaceae,NA,NA
579705,K01452,ASV0978,1,0.069697231,0.001771039,Bacteria,Proteobacteria,Alphaproteobacteria,Rhodobacterales,Rhodobacteraceae,Roseobacter,NA
1097359,K01452,ASV0985,1,0.032834463,0.000834339,Bacteria,Proteobacteria,Gammaproteobacteria,Pseudomonadales,Moraxellaceae,Acinetobacter,NA
593437,K01452,ASV0999,1,0.300206365,0.007628383,Bacteria,Proteobacteria,Alphaproteobacteria,Rhodobacterales,Rhodobacteraceae,Thalassobius,NA
79436,K01183,ASV1001,1,0.002501055,6.65E-05,Bacteria,Firmicutes,Clostridia,Clostridiales,Clostridiaceae_1,Clostridium_sensu_stricto_12,NA
4432518,K01183,ASV1003,1,0.000641761,1.71E-05,Bacteria,Actinobacteria,Acidimicrobiia,Microtrichales,Ilumatobacteraceae,CL500-29_marine_group,NA
568345,K01452,ASV1013,1,36.27709494,0.921817788,Bacteria,Proteobacteria,Alphaproteobacteria,Rhodobacterales,Rhodobacteraceae,NA,NA
1039092,K03791,ASV1014,1,0.000585881,0.005745795,Bacteria,Bacteroidetes,Bacteroidia,Flavobacteriales,Weeksellaceae,Chryseobacterium,NA
748070,K01183,ASV1017,1,9.60E-05,2.55E-06,Bacteria,Acidobacteria,Subgroup_6,NA,NA,NA,NA
922761,K01183,ASV1018,1,0.018999215,0.000504918,Bacteria,Proteobacteria,Gammaproteobacteria,Enterobacteriales,Enterobacteriaceae,Klebsiella,NA
922761,K03791,ASV1018,1,0.018999215,0.186327241,Bacteria,Proteobacteria,Gammaproteobacteria,Enterobacteriales,Enterobacteriaceae,Klebsiella,NA
922761,K03933,ASV1018,2,0.018999215,0.023780091,Bacteria,Proteobacteria,Gammaproteobacteria,Enterobacteriales,Enterobacteriaceae,Klebsiella,NA
331093,K01183,ASV1023,1,0.009867108,0.000262226,Bacteria,Actinobacteria,Actinobacteria,Frankiales,Sporichthyaceae,Candidatus_Planktophila,NA
331093,K03933,ASV1023,1,0.009867108,0.006175011,Bacteria,Actinobacteria,Actinobacteria,Frankiales,Sporichthyaceae,Candidatus_Planktophila,NA
1011088,K01452,ASV1024,1,0.242527797,0.006162744,Bacteria,Proteobacteria,Alphaproteobacteria,Rhodobacterales,Rhodobacteraceae,Ponticoccus,NA
1034564,K03791,ASV1035,1,0.00035759,0.003506922,Bacteria,Bacteroidetes,Bacteroidia,Flavobacteriales,Weeksellaceae,Chryseobacterium,hominis
562576,K03791,ASV1046,1,0.000442909,0.004343654,Bacteria,Proteobacteria,Alphaproteobacteria,Rhodospirillales,Terasakiellaceae,NA,NA
1074016,K01183,ASV1060,2,0.003062644,0.000162784,Bacteria,Proteobacteria,Gammaproteobacteria,Betaproteobacteriales,Burkholderiaceae,Duganella,radicis
1074016,K03791,ASV1060,1,0.003062644,0.030035663,Bacteria,Proteobacteria,Gammaproteobacteria,Betaproteobacteriales,Burkholderiaceae,Duganella,radicis
812921,K01452,ASV1061,1,0.027961816,0.000710523,Bacteria,Proteobacteria,Alphaproteobacteria,Rhodobacterales,Rhodobacteraceae,Paracoccus,NA
1081489,K01183,ASV1063,1,0.000110442,2.94E-06,Bacteria,Fibrobacteres,Fibrobacteria,Fibrobacterales,Fibrobacteraceae,possible_genus_04,NA
217732,K01183,ASV1073,1,1.950026055,0.051823379,Bacteria,Bacteroidetes,Bacteroidia,Flavobacteriales,Flavobacteriaceae,Muricauda,NA
854272,K01452,ASV1076,1,0.004192443,0.000106532,Bacteria,Proteobacteria,Alphaproteobacteria,Rhodobacterales,Rhodobacteraceae,Paracoccus,yeei
964989,K03791,ASV1078,1,0.00053377,0.005234737,Bacteria,Bacteroidetes,Bacteroidia,Flavobacteriales,Weeksellaceae,Chryseobacterium,NA
12457,K01183,ASV1098,1,0.00041003,1.09E-05,Bacteria,Actinobacteria,Actinobacteria,Micrococcales,Micrococcaceae,Glutamicibacter,NA
581409,K01183,ASV1099,2,0.002565262,0.000136347,Bacteria,Proteobacteria,Gammaproteobacteria,Betaproteobacteriales,Burkholderiaceae,Undibacterium,parvum
581409,K03791,ASV1099,1,0.002565262,0.025157786,Bacteria,Proteobacteria,Gammaproteobacteria,Betaproteobacteriales,Burkholderiaceae,Undibacterium,parvum
589277,K01183,ASV1100,1,0.004668426,0.000124067,Bacteria,Bacteroidetes,Bacteroidia,Bacteroidales,Bacteroidaceae,Bacteroides,vulgatus
580222,K01183,ASV1102,1,0.000989133,2.63E-05,Bacteria,Bacteroidetes,Bacteroidia,Cytophagales,Spirosomaceae,Arcicella,NA
589071,K01183,ASV1104,2,0.002246896,0.000119426,Bacteria,Bacteroidetes,Bacteroidia,Bacteroidales,Bacteroidaceae,Bacteroides,uniformis
683891,K01452,ASV1117,1,0.000779788,1.98E-05,Bacteria,Proteobacteria,Alphaproteobacteria,Rhodobacterales,Rhodobacteraceae,Pseudorhodobacter,NA
940348,K01183,ASV1119,1,0.000832024,2.21E-05,Bacteria,Actinobacteria,Thermoleophilia,Solirubrobacterales,Solirubrobacteraceae,Conexibacter,NA
208315,K01452,ASV1125,1,0.00044843,1.14E-05,Bacteria,Cyanobacteria,Oxyphotobacteria,Nostocales,Phormidiaceae,Tychonema_CCAP_1459-11B,NA
705967,K01452,ASV1132,1,0.194450578,0.004941079,Bacteria,Proteobacteria,Alphaproteobacteria,Rhodobacterales,Rhodobacteraceae,Thiobacimonas,NA
1033018,K01183,ASV1138,2,0.006352671,0.000337654,Bacteria,Proteobacteria,Gammaproteobacteria,Betaproteobacteriales,Burkholderiaceae,Massilia,NA
1033018,K03791,ASV1138,1,0.006352671,0.062301293,Bacteria,Proteobacteria,Gammaproteobacteria,Betaproteobacteriales,Burkholderiaceae,Massilia,NA
887484,K01183,ASV1141,1,0.001626515,4.32E-05,Bacteria,Bacteroidetes,Bacteroidia,Chitinophagales,Chitinophagaceae,Ferruginibacter,profundus
541859,K03791,ASV1143,1,0.001365567,0.013392255,Bacteria,Proteobacteria,Gammaproteobacteria,Pseudomonadales,Pseudomonadaceae,Pseudomonas,NA
593437,K01452,ASV1151,1,0.300206365,0.007628383,Bacteria,Proteobacteria,Alphaproteobacteria,Rhodobacterales,Rhodobacteraceae,NA,NA
851567,K01183,ASV1176,1,0.000647704,1.72E-05,Bacteria,Actinobacteria,Actinobacteria,Micrococcales,Microbacteriaceae,Microbacterium,thalassium
592129,K01183,ASV1178,1,0.000212213,5.64E-06,Bacteria,Verrucomicrobia,Verrucomicrobiae,Opitutales,Opitutaceae,Opitutus,NA
212764,K01183,ASV1189,1,0.000104386,2.77E-06,Bacteria,Acidobacteria,Blastocatellia_(Subgroup_4),Blastocatellales,Blastocatellaceae,Blastocatella,NA
139292,K01183,ASV1191,1,0.012764969,0.000339238,Bacteria,Bacteroidetes,Bacteroidia,Flavobacteriales,Flavobacteriaceae,Muricauda,NA
1130804,K01183,ASV1204,1,0.001951639,5.19E-05,Bacteria,Bacteroidetes,Bacteroidia,Cytophagales,Spirosomaceae,Spirosoma,NA
974121,K01183,ASV1205,2,0.004392247,0.000233454,Bacteria,Proteobacteria,Gammaproteobacteria,Pseudomonadales,Pseudomonadaceae,Pseudomonas,NA
974121,K03791,ASV1205,1,0.004392247,0.043075215,Bacteria,Proteobacteria,Gammaproteobacteria,Pseudomonadales,Pseudomonadaceae,Pseudomonas,NA
974121,K03933,ASV1205,2,0.004392247,0.005497492,Bacteria,Proteobacteria,Gammaproteobacteria,Pseudomonadales,Pseudomonadaceae,Pseudomonas,NA
646129,K01183,ASV1208,1,5.52E-05,1.47E-06,Bacteria,Actinobacteria,Actinobacteria,Micrococcales,Microbacteriaceae,Plantibacter,NA
1033018,K01183,ASV1214,2,0.006352671,0.000337654,Bacteria,Proteobacteria,Gammaproteobacteria,Betaproteobacteriales,Burkholderiaceae,Janthinobacterium,NA
1033018,K03791,ASV1214,1,0.006352671,0.062301293,Bacteria,Proteobacteria,Gammaproteobacteria,Betaproteobacteriales,Burkholderiaceae,Janthinobacterium,NA
813945,K01452,ASV1233,1,0.002032383,5.16E-05,Bacteria,Proteobacteria,Gammaproteobacteria,Pseudomonadales,Pseudomonadaceae,Pseudomonas,NA
1033018,K01183,ASV1260,2,0.006352671,0.000337654,Bacteria,Proteobacteria,Gammaproteobacteria,Betaproteobacteriales,Burkholderiaceae,Janthinobacterium,NA
1033018,K03791,ASV1260,1,0.006352671,0.062301293,Bacteria,Proteobacteria,Gammaproteobacteria,Betaproteobacteriales,Burkholderiaceae,Janthinobacterium,NA
163716,K03791,ASV1277,1,0.00017196,0.001686429,Bacteria,Proteobacteria,Alphaproteobacteria,Acetobacterales,Acetobacteraceae,Roseomonas,NA
592139,K01183,ASV1286,1,0.003162242,8.40E-05,Bacteria,Firmicutes,Clostridia,Clostridiales,Ruminococcaceae,Ruminococcaceae_UCG-005,NA
823439,K01183,ASV1310,1,7.38E-05,1.96E-06,Bacteria,Acidobacteria,Subgroup_6,NA,NA,NA,NA
571698,K01183,ASV1316,1,0.00046367,1.23E-05,Bacteria,Acidobacteria,Thermoanaerobaculia,Thermoanaerobaculales,Thermoanaerobaculaceae,Thermoanaerobaculum,NA
408706,K03791,ASV1318,1,0.00104894,0.010287062,Bacteria,Bacteroidetes,Bacteroidia,Flavobacteriales,Weeksellaceae,Chryseobacterium,NA
1039092,K03791,ASV1319,1,0.000585881,0.005745795,Bacteria,Bacteroidetes,Bacteroidia,Flavobacteriales,Weeksellaceae,Chryseobacterium,NA
974121,K01183,ASV1324,2,0.004392247,0.000233454,Bacteria,Proteobacteria,Gammaproteobacteria,Pseudomonadales,Pseudomonadaceae,Pseudomonas,NA
974121,K03791,ASV1324,1,0.004392247,0.043075215,Bacteria,Proteobacteria,Gammaproteobacteria,Pseudomonadales,Pseudomonadaceae,Pseudomonas,NA
974121,K03933,ASV1324,2,0.004392247,0.005497492,Bacteria,Proteobacteria,Gammaproteobacteria,Pseudomonadales,Pseudomonadaceae,Pseudomonas,NA
1074625,K01183,ASV1330,1,0.004103098,0.000109043,Bacteria,Actinobacteria,Actinobacteria,Micrococcales,Microbacteriaceae,Herbiconiux,NA
582083,K01452,ASV1338,1,0.003087047,7.84E-05,Bacteria,Proteobacteria,Alphaproteobacteria,Rhodobacterales,Rhodobacteraceae,Paracoccus,chinensis
1111582,K03933,ASV1339,2,0.067135191,0.084028786,Bacteria,Firmicutes,Bacilli,Lactobacillales,Enterococcaceae,Enterococcus,cecorum
610107,K01183,ASV1340,1,0.003719153,9.88E-05,Bacteria,Bacteroidetes,Bacteroidia,Cytophagales,Spirosomaceae,Arcicella,NA
975335,K01183,ASV1349,1,0.00029109,7.74E-06,Bacteria,Bacteroidetes,Bacteroidia,Cytophagales,Spirosomaceae,Dyadobacter,NA
310558,K01183,ASV1366,1,0.000836496,2.22E-05,Bacteria,Bacteroidetes,Bacteroidia,Chitinophagales,NA,NA,NA
568345,K01452,ASV1381,1,36.27709494,0.921817788,Bacteria,Proteobacteria,Alphaproteobacteria,Rhodobacterales,Rhodobacteraceae,NA,NA
821717,K01452,ASV1387,1,0.007960159,0.000202271,Bacteria,Proteobacteria,Alphaproteobacteria,Rhodobacterales,Rhodobacteraceae,NA,NA
974121,K01183,ASV1394,2,0.004392247,0.000233454,Bacteria,Proteobacteria,Gammaproteobacteria,Pseudomonadales,Pseudomonadaceae,Pseudomonas,NA
974121,K03791,ASV1394,1,0.004392247,0.043075215,Bacteria,Proteobacteria,Gammaproteobacteria,Pseudomonadales,Pseudomonadaceae,Pseudomonas,NA
974121,K03933,ASV1394,2,0.004392247,0.005497492,Bacteria,Proteobacteria,Gammaproteobacteria,Pseudomonadales,Pseudomonadaceae,Pseudomonas,NA
1088647,K03791,ASV1395,1,0.001588084,0.015574502,Bacteria,Bacteroidetes,Bacteroidia,Flavobacteriales,Weeksellaceae,Chryseobacterium,antarcticum
326605,K01452,ASV1398,1,0.015669871,0.000398179,Bacteria,Proteobacteria,Gammaproteobacteria,Pseudomonadales,Pseudomonadaceae,Pseudomonas,pseudoalcaligenes
326605,K03933,ASV1398,1,0.015669871,0.009806483,Bacteria,Proteobacteria,Gammaproteobacteria,Pseudomonadales,Pseudomonadaceae,Pseudomonas,pseudoalcaligenes
1106362,K01183,ASV1401,1,0.00033244,8.83E-06,Bacteria,Firmicutes,Clostridia,Clostridiales,Ruminococcaceae,Ruminococcaceae_UCG-013,NA
765455,K01183,ASV1404,1,0.001645293,4.37E-05,Bacteria,Bacteroidetes,Bacteroidia,Chitinophagales,Saprospiraceae,NA,NA
547764,K01183,ASV1423,1,0.001107325,2.94E-05,Bacteria,Bacteroidetes,Bacteroidia,Flavobacteriales,Flavobacteriaceae,Maribacter,NA
1097359,K01452,ASV1459,1,0.032834463,0.000834339,Bacteria,Proteobacteria,Gammaproteobacteria,Pseudomonadales,Moraxellaceae,Acinetobacter,NA
1052435,K01183,ASV1466,1,3.86E-05,1.03E-06,Bacteria,Bacteroidetes,Bacteroidia,Chitinophagales,Chitinophagaceae,NA,NA
554415,K01183,ASV1468,1,0.000163244,4.34E-06,Bacteria,Proteobacteria,Gammaproteobacteria,Betaproteobacteriales,Burkholderiaceae,Burkholderia-Caballeronia-Paraburkholderia,NA
554415,K03791,ASV1468,1,0.000163244,0.001600951,Bacteria,Proteobacteria,Gammaproteobacteria,Betaproteobacteriales,Burkholderiaceae,Burkholderia-Caballeronia-Paraburkholderia,NA
217732,K01183,ASV1483,1,1.950026055,0.051823379,Bacteria,Bacteroidetes,Bacteroidia,Flavobacteriales,Flavobacteriaceae,Muricauda,NA
804175,K01452,ASV1485,1,0.029622995,0.000752734,Bacteria,Proteobacteria,Alphaproteobacteria,Rhodobacterales,Rhodobacteraceae,Antarctobacter,heliothermus
1052264,K01183,ASV1488,1,0.000440383,1.17E-05,Bacteria,Bacteroidetes,Bacteroidia,Flavobacteriales,Weeksellaceae,Cloacibacterium,normanense
1052264,K03933,ASV1488,1,0.000440383,0.000275599,Bacteria,Bacteroidetes,Bacteroidia,Flavobacteriales,Weeksellaceae,Cloacibacterium,normanense
592139,K01183,ASV1491,1,0.003162242,8.40E-05,Bacteria,Firmicutes,Clostridia,Clostridiales,Ruminococcaceae,Ruminococcaceae_UCG-005,NA
202454,K01183,ASV1493,1,0.001210316,3.22E-05,Bacteria,Bacteroidetes,Bacteroidia,Bacteroidales,Dysgonomonadaceae,Dysgonomonas,capnocytophagoides
922761,K01183,ASV1502,1,0.018999215,0.000504918,Bacteria,Proteobacteria,Gammaproteobacteria,Enterobacteriales,Enterobacteriaceae,Raoultella,NA
922761,K03791,ASV1502,1,0.018999215,0.186327241,Bacteria,Proteobacteria,Gammaproteobacteria,Enterobacteriales,Enterobacteriaceae,Raoultella,NA
922761,K03933,ASV1502,2,0.018999215,0.023780091,Bacteria,Proteobacteria,Gammaproteobacteria,Enterobacteriales,Enterobacteriaceae,Raoultella,NA
325947,K01183,ASV1510,2,0.001726216,9.18E-05,Bacteria,Proteobacteria,Gammaproteobacteria,Betaproteobacteriales,Burkholderiaceae,Undibacterium,pigrum
325947,K03791,ASV1510,1,0.001726216,0.016929177,Bacteria,Proteobacteria,Gammaproteobacteria,Betaproteobacteriales,Burkholderiaceae,Undibacterium,pigrum
545538,K01183,ASV1532,1,0.000305998,8.13E-06,Bacteria,Acidobacteria,Thermoanaerobaculia,Thermoanaerobaculales,Thermoanaerobaculaceae,Subgroup_10,NA
589277,K01183,ASV1534,1,0.004668426,0.000124067,Bacteria,Bacteroidetes,Bacteroidia,Bacteroidales,Bacteroidaceae,Bacteroides,NA
820370,K01183,ASV1543,1,0.003637148,9.67E-05,Bacteria,Bacteroidetes,Bacteroidia,Sphingobacteriales,Sphingobacteriaceae,Solitalea,NA
1051517,K01183,ASV1575,1,0.013888455,0.000369096,Bacteria,Firmicutes,Bacilli,Bacillales,Bacillaceae,Bacillus,NA
665869,K01183,ASV1580,1,0.000590524,1.57E-05,Bacteria,Bacteroidetes,Bacteroidia,Chitinophagales,Chitinophagaceae,Ferruginibacter,NA
517156,K01183,ASV1581,1,0.002283822,6.07E-05,Bacteria,Actinobacteria,Acidimicrobiia,Microtrichales,Iamiaceae,Iamia,NA
814909,K01183,ASV1591,1,0.00332995,8.85E-05,Bacteria,Actinobacteria,Actinobacteria,Micrococcales,Microbacteriaceae,Microbacterium,NA
610107,K01183,ASV1598,1,0.003719153,9.88E-05,Bacteria,Bacteroidetes,Bacteroidia,Cytophagales,Spirosomaceae,Arcicella,NA
831409,K01183,ASV1611,1,0.00075535,2.01E-05,Bacteria,Firmicutes,Clostridia,Clostridiales,Lachnospiraceae,Lachnospiraceae_NK4A136_group,NA
170549,K01452,ASV1612,1,0.004759595,0.000120944,Bacteria,Proteobacteria,Alphaproteobacteria,Rhodobacterales,Rhodobacteraceae,Roseobacter_clade_CHAB-I-5_lineage,NA
940662,K01183,ASV1664,1,0.000147247,3.91E-06,Bacteria,FBP,NA,NA,NA,NA,NA
771050,K01183,ASV1667,1,9.60E-05,2.55E-06,Bacteria,Bacteroidetes,Bacteroidia,Sphingobacteriales,Sphingobacteriaceae,Sphingobacterium,NA
1079671,K01183,ASV1670,1,0.000322751,8.58E-06,Bacteria,Bacteroidetes,Bacteroidia,Cytophagales,Spirosomaceae,Lacihabitans,NA
352392,K01452,ASV1677,1,2.76E-05,7.02E-07,Bacteria,Proteobacteria,Gammaproteobacteria,Pseudomonadales,Moraxellaceae,NA,NA
1087462,K01452,ASV1713,1,0.002085661,5.30E-05,Bacteria,Bacteroidetes,Bacteroidia,Cytophagales,Cytophagaceae,Cytophaga,NA
290401,K01183,ASV1714,1,0.000460147,1.22E-05,Bacteria,Bacteroidetes,Bacteroidia,Chitinophagales,Chitinophagaceae,Lacibacter,NA
304089,K01183,ASV1716,1,0.000650274,1.73E-05,Bacteria,Actinobacteria,Thermoleophilia,Solirubrobacterales,Solirubrobacteraceae,NA,NA
779725,K01452,ASV1720,1,1.84E-05,4.68E-07,Bacteria,Proteobacteria,Alphaproteobacteria,Rhodobacterales,Rhodobacteraceae,Cereibacter,NA
1025153,K01183,ASV1725,1,0.00026927,7.16E-06,Bacteria,Bacteroidetes,Bacteroidia,Sphingobacteriales,Sphingobacteriaceae,Solitalea,NA
735569,K01183,ASV1744,1,4.80E-05,1.28E-06,Bacteria,Bacteroidetes,Bacteroidia,Chitinophagales,Chitinophagaceae,Ferruginibacter,NA
574742,K01183,ASV1772,1,0.000697125,1.85E-05,Bacteria,Firmicutes,Clostridia,Clostridiales,Clostridiaceae_1,Clostridium_sensu_stricto_9,NA
1111582,K03933,ASV1773,2,0.067135191,0.084028786,Bacteria,Firmicutes,Bacilli,Lactobacillales,Enterococcaceae,Enterococcus,columbae
46681,K01183,ASV1781,1,0.000562266,1.49E-05,Bacteria,Spirochaetes,Spirochaetia,Spirochaetales,Spirochaetaceae,Treponema_2,NA
745482,K01183,ASV1782,1,0.000188599,5.01E-06,Bacteria,Bacteroidetes,Bacteroidia,Chitinophagales,Chitinophagaceae,Dinghuibacter,NA
256215,K01452,ASV1783,1,0.000306896,7.80E-06,Bacteria,Proteobacteria,Gammaproteobacteria,Pseudomonadales,Pseudomonadaceae,Pseudomonas,NA
256215,K03933,ASV1783,1,0.000306896,0.000192061,Bacteria,Proteobacteria,Gammaproteobacteria,Pseudomonadales,Pseudomonadaceae,Pseudomonas,NA
579033,K03791,ASV1790,1,8.07E-05,0.000791148,Bacteria,Proteobacteria,Gammaproteobacteria,Betaproteobacteriales,Procabacteriaceae,Procabacter,NA
1011088,K01452,ASV1806,1,0.242527797,0.006162744,Bacteria,Proteobacteria,Alphaproteobacteria,Rhodobacterales,Rhodobacteraceae,Salinihabitans,NA
941487,K01183,ASV1831,2,0.001085985,5.77E-05,Bacteria,Proteobacteria,Gammaproteobacteria,Betaproteobacteriales,Burkholderiaceae,Massilia,aerilata
941487,K03791,ASV1831,1,0.001085985,0.010650366,Bacteria,Proteobacteria,Gammaproteobacteria,Betaproteobacteriales,Burkholderiaceae,Massilia,aerilata
810759,K01183,ASV1836,1,0.000423335,1.13E-05,Bacteria,Firmicutes,Clostridia,Clostridiales,Ruminococcaceae,Ruminococcaceae_NK4A214_group,NA
822584,K01452,ASV1839,1,0.000520461,1.32E-05,Bacteria,Proteobacteria,Alphaproteobacteria,Rhodobacterales,Rhodobacteraceae,Ketogulonicigenium,NA
582083,K01452,ASV1848,1,0.003087047,7.84E-05,Bacteria,Proteobacteria,Alphaproteobacteria,Rhodobacterales,Rhodobacteraceae,Paracoccus,NA
959160,K01183,ASV1850,1,0.00022087,5.87E-06,Bacteria,Actinobacteria,Actinobacteria,Micrococcales,Microbacteriaceae,Microbacterium,NA
1051517,K01183,ASV1859,1,0.013888455,0.000369096,Bacteria,Firmicutes,Bacilli,Bacillales,Bacillaceae,Bacillus,NA
814909,K01183,ASV1861,1,0.00332995,8.85E-05,Bacteria,Actinobacteria,Actinobacteria,Micrococcales,Microbacteriaceae,Microbacterium,NA
877752,K01183,ASV1877,1,0.000333388,8.86E-06,Bacteria,Proteobacteria,Gammaproteobacteria,Pseudomonadales,Pseudomonadaceae,Pseudomonas,NA
877752,K03791,ASV1877,1,0.000333388,0.00326957,Bacteria,Proteobacteria,Gammaproteobacteria,Pseudomonadales,Pseudomonadaceae,Pseudomonas,NA
877752,K03933,ASV1877,1,0.000333388,0.00020864,Bacteria,Proteobacteria,Gammaproteobacteria,Pseudomonadales,Pseudomonadaceae,Pseudomonas,NA
813980,K03791,ASV1894,2,0.002023695,0.039693167,Bacteria,Proteobacteria,Alphaproteobacteria,Rhizobiales,Rhizobiaceae,Ahrensia,kielensis
922761,K01183,ASV1895,1,0.018999215,0.000504918,Bacteria,Proteobacteria,Gammaproteobacteria,Enterobacteriales,Enterobacteriaceae,NA,NA
922761,K03791,ASV1895,1,0.018999215,0.186327241,Bacteria,Proteobacteria,Gammaproteobacteria,Enterobacteriales,Enterobacteriaceae,NA,NA
922761,K03933,ASV1895,2,0.018999215,0.023780091,Bacteria,Proteobacteria,Gammaproteobacteria,Enterobacteriales,Enterobacteriaceae,NA,NA
813945,K01452,ASV1903,1,0.002032383,5.16E-05,Bacteria,Proteobacteria,Gammaproteobacteria,Pseudomonadales,Pseudomonadaceae,Pseudomonas,NA
746675,K01183,ASV1906,2,0.001234446,6.56E-05,Bacteria,Proteobacteria,Gammaproteobacteria,Oceanospirillales,Pseudohongiellaceae,Pseudohongiella,NA
209573,K01183,ASV1908,1,0.000404929,1.08E-05,Bacteria,Bacteroidetes,Bacteroidia,Chitinophagales,NA,NA,NA
225487,K01452,ASV1914,1,0.006574751,0.000167067,Bacteria,Proteobacteria,Gammaproteobacteria,Pseudomonadales,Pseudomonadaceae,Pseudomonas,caeni
830893,K03791,ASV1923,2,0.000632924,0.012414301,Bacteria,Proteobacteria,Alphaproteobacteria,Rhizobiales,Rhizobiaceae,NA,NA
4376154,K03933,ASV1932,1,0.00011316,7.08E-05,Bacteria,Actinobacteria,Actinobacteria,Micrococcales,Demequinaceae,Demequina,NA
287021,K01183,ASV1933,2,0.000320756,1.70E-05,Bacteria,Actinobacteria,Actinobacteria,Frankiales,Sporichthyaceae,Sporichthya,NA
1108289,K01452,ASV1935,1,0.000716203,1.82E-05,Bacteria,Proteobacteria,Alphaproteobacteria,Rhodobacterales,Rhodobacteraceae,Paracoccus,NA
585394,K01183,ASV1952,3,0.003276863,0.000261255,Bacteria,Proteobacteria,Gammaproteobacteria,Alteromonadales,Pseudoalteromonadaceae,Pseudoalteromonas,NA
585394,K03933,ASV1952,2,0.003276863,0.004101438,Bacteria,Proteobacteria,Gammaproteobacteria,Alteromonadales,Pseudoalteromonadaceae,Pseudoalteromonas,NA
769643,K01452,ASV1967,1,0.000945006,2.40E-05,Bacteria,Proteobacteria,Gammaproteobacteria,Pseudomonadales,Pseudomonadaceae,Pseudomonas,NA
4294883,K01183,ASV1972,1,0.00291914,7.76E-05,Bacteria,Fibrobacteres,Fibrobacteria,Fibrobacterales,Fibrobacteraceae,NA,NA
1033018,K01183,ASV1983,2,0.006352671,0.000337654,Bacteria,Proteobacteria,Gammaproteobacteria,Betaproteobacteriales,Burkholderiaceae,NA,NA
1033018,K03791,ASV1983,1,0.006352671,0.062301293,Bacteria,Proteobacteria,Gammaproteobacteria,Betaproteobacteriales,Burkholderiaceae,NA,NA
514272,K01183,ASV1987,1,0.000370633,9.85E-06,Bacteria,Firmicutes,Clostridia,Clostridiales,Lachnospiraceae,Anaerostipes,hadrus
1088647,K03791,ASV2026,1,0.001588084,0.015574502,Bacteria,Bacteroidetes,Bacteroidia,Flavobacteriales,Weeksellaceae,Chryseobacterium,NA
426919,K01183,ASV2027,1,0.000344472,9.15E-06,Bacteria,Proteobacteria,Gammaproteobacteria,Aeromonadales,Aeromonadaceae,Aeromonas,NA
426919,K03933,ASV2027,1,0.000344472,0.000215577,Bacteria,Proteobacteria,Gammaproteobacteria,Aeromonadales,Aeromonadaceae,Aeromonas,NA
1072562,K01183,ASV2034,1,0.001613754,4.29E-05,Bacteria,Bacteroidetes,Bacteroidia,Chitinophagales,Chitinophagaceae,Ferruginibacter,NA
1108523,K01183,ASV2044,1,7.38E-05,1.96E-06,Bacteria,Acidobacteria,Holophagae,Subgroup_7,NA,NA,NA
830893,K03791,ASV2045,2,0.000632924,0.012414301,Bacteria,Proteobacteria,Alphaproteobacteria,Rhizobiales,Rhizobiaceae,NA,NA
325947,K01183,ASV2051,2,0.001726216,9.18E-05,Bacteria,Proteobacteria,Gammaproteobacteria,Betaproteobacteriales,Burkholderiaceae,Undibacterium,seohonense
325947,K03791,ASV2051,1,0.001726216,0.016929177,Bacteria,Proteobacteria,Gammaproteobacteria,Betaproteobacteriales,Burkholderiaceae,Undibacterium,seohonense
525816,K01183,ASV2096,1,0.000951704,2.53E-05,Bacteria,Actinobacteria,Actinobacteria,Frankiales,Cryptosporangiaceae,Fodinicola,NA
525816,K03933,ASV2096,1,0.000951704,0.000595593,Bacteria,Actinobacteria,Actinobacteria,Frankiales,Cryptosporangiaceae,Fodinicola,NA
760955,K01183,ASV2098,1,0.000981214,2.61E-05,Bacteria,Acidobacteria,Subgroup_17,NA,NA,NA,NA
525371,K01183,ASV2099,1,0.000349711,9.29E-06,Bacteria,Firmicutes,Clostridia,Clostridiales,Ruminococcaceae,NA,NA
543740,K01183,ASV2105,2,0.000406255,2.16E-05,Bacteria,Actinobacteria,Actinobacteria,Frankiales,NA,NA,NA
543740,K01452,ASV2105,1,0.000406255,1.03E-05,Bacteria,Actinobacteria,Actinobacteria,Frankiales,NA,NA,NA
610107,K01183,ASV2110,1,0.003719153,9.88E-05,Bacteria,Bacteroidetes,Bacteroidia,Cytophagales,Spirosomaceae,Arcicella,NA
219331,K03791,ASV2112,2,0.000212401,0.004166077,Bacteria,Proteobacteria,Alphaproteobacteria,Rhizobiales,Rhizobiaceae,Hoeflea,NA
2297613,K01183,ASV2114,1,1.84E-05,4.89E-07,Bacteria,Actinobacteria,Actinobacteria,Micrococcales,Microbacteriaceae,Microbacterium,NA
1087462,K01452,ASV2118,1,0.002085661,5.30E-05,Bacteria,Bacteroidetes,Bacteroidia,Cytophagales,Cytophagaceae,Cytophaga,NA
819699,K01183,ASV2125,1,0.000139007,3.69E-06,Bacteria,Bacteroidetes,Bacteroidia,Chitinophagales,NA,NA,NA
687206,K01183,ASV2150,1,7.02E-05,1.86E-06,Bacteria,Acidobacteria,Blastocatellia_(Subgroup_4),Blastocatellales,Blastocatellaceae,NA,NA
4481782,K01183,ASV2172,3,0.002156353,0.00017192,Bacteria,Proteobacteria,Gammaproteobacteria,Cellvibrionales,Cellvibrionaceae,NA,NA
589071,K01183,ASV2191,2,0.002246896,0.000119426,Bacteria,Bacteroidetes,Bacteroidia,Bacteroidales,Bacteroidaceae,Bacteroides,NA
1087462,K01452,ASV2198,1,0.002085661,5.30E-05,Bacteria,Bacteroidetes,Bacteroidia,Cytophagales,Cytophagaceae,Cytophaga,NA
103802,K01183,ASV2206,1,0.000169111,4.49E-06,Bacteria,Bacteroidetes,Bacteroidia,Cytophagales,Spirosomaceae,Pseudarcicella,NA
331093,K01183,ASV2215,1,0.009867108,0.000262226,Bacteria,Actinobacteria,Actinobacteria,Frankiales,Sporichthyaceae,Candidatus_Planktophila,NA
331093,K03933,ASV2215,1,0.009867108,0.006175011,Bacteria,Actinobacteria,Actinobacteria,Frankiales,Sporichthyaceae,Candidatus_Planktophila,NA
220524,K01183,ASV2221,1,0.000467214,1.24E-05,Bacteria,Actinobacteria,Actinobacteria,Frankiales,Nakamurellaceae,Nakamurella,NA
1074016,K01183,ASV2264,2,0.003062644,0.000162784,Bacteria,Proteobacteria,Gammaproteobacteria,Betaproteobacteriales,Burkholderiaceae,Duganella,NA
1074016,K03791,ASV2264,1,0.003062644,0.030035663,Bacteria,Proteobacteria,Gammaproteobacteria,Betaproteobacteriales,Burkholderiaceae,Duganella,NA
892370,K01183,ASV2265,1,0.00342029,9.09E-05,Bacteria,Bacteroidetes,Bacteroidia,Chitinophagales,Chitinophagaceae,Ferruginibacter,NA
279699,K01183,ASV2268,1,0.000685846,1.82E-05,Bacteria,Bacteroidetes,Bacteroidia,Cytophagales,Hymenobacteraceae,Hymenobacter,kanuolensis
892000,K01183,ASV2270,1,2.80E-05,7.43E-07,Bacteria,Acidobacteria,Subgroup_6,NA,NA,NA,NA
211089,K01183,ASV2275,1,0.000165663,4.40E-06,Bacteria,Bacteroidetes,Bacteroidia,Cytophagales,Cytophagaceae,Cytophaga,NA
211089,K01452,ASV2275,1,0.000165663,4.21E-06,Bacteria,Bacteroidetes,Bacteroidia,Cytophagales,Cytophagaceae,Cytophaga,NA
851567,K01183,ASV2277,1,0.000647704,1.72E-05,Bacteria,Actinobacteria,Actinobacteria,Micrococcales,Microbacteriaceae,Microbacterium,NA
228207,K01452,ASV2288,1,0.00044265,1.12E-05,Bacteria,Proteobacteria,Gammaproteobacteria,Pseudomonadales,Moraxellaceae,NA,NA
1074016,K01183,ASV2289,2,0.003062644,0.000162784,Bacteria,Proteobacteria,Gammaproteobacteria,Betaproteobacteriales,Burkholderiaceae,Duganella,NA
1074016,K03791,ASV2289,1,0.003062644,0.030035663,Bacteria,Proteobacteria,Gammaproteobacteria,Betaproteobacteriales,Burkholderiaceae,Duganella,NA
1081489,K01183,ASV2290,1,0.000110442,2.94E-06,Bacteria,Fibrobacteres,Fibrobacteria,Fibrobacterales,Fibrobacteraceae,possible_genus_04,NA
1117491,K01183,ASV2302,1,0.000167453,4.45E-06,Bacteria,Actinobacteria,Thermoleophilia,NA,NA,NA,NA
892370,K01183,ASV2305,1,0.00342029,9.09E-05,Bacteria,Bacteroidetes,Bacteroidia,Chitinophagales,Chitinophagaceae,Ferruginibacter,NA
307381,K01452,ASV2310,1,0.000421606,1.07E-05,Bacteria,Cyanobacteria,Oxyphotobacteria,Nostocales,Oscillatoriaceae,NA,NA
1034564,K03791,ASV2350,1,0.00035759,0.003506922,Bacteria,Bacteroidetes,Bacteroidia,Flavobacteriales,Weeksellaceae,Chryseobacterium,NA
2188240,K01183,ASV2354,1,0.000826286,2.20E-05,Bacteria,Spirochaetes,Spirochaetia,Spirochaetales,Spirochaetaceae,Treponema_2,NA
318396,K01183,ASV2356,1,0.000826286,2.20E-05,Bacteria,Firmicutes,Clostridia,Clostridiales,Lachnospiraceae,Agathobacter,NA
553643,K01183,ASV2359,1,0.000294494,7.83E-06,Bacteria,Acidobacteria,Holophagae,Holophagales,Holophagaceae,Geothrix,NA
974121,K01183,ASV2363,2,0.004392247,0.000233454,Bacteria,Proteobacteria,Gammaproteobacteria,Pseudomonadales,Pseudomonadaceae,Pseudomonas,NA
974121,K03791,ASV2363,1,0.004392247,0.043075215,Bacteria,Proteobacteria,Gammaproteobacteria,Pseudomonadales,Pseudomonadaceae,Pseudomonas,NA
974121,K03933,ASV2363,2,0.004392247,0.005497492,Bacteria,Proteobacteria,Gammaproteobacteria,Pseudomonadales,Pseudomonadaceae,Pseudomonas,NA
2224797,K01183,ASV2376,1,0.000207763,5.52E-06,Bacteria,Spirochaetes,Spirochaetia,Spirochaetales,Spirochaetaceae,Treponema_2,NA
1087462,K01452,ASV2391,1,0.002085661,5.30E-05,Bacteria,Bacteroidetes,Bacteroidia,Cytophagales,Cytophagaceae,Cytophaga,NA
589277,K01183,ASV2398,1,0.004668426,0.000124067,Bacteria,Bacteroidetes,Bacteroidia,Bacteroidales,Bacteroidaceae,Bacteroides,NA
4452842,K01183,ASV2401,1,0.000644472,1.71E-05,Bacteria,Firmicutes,Clostridia,Clostridiales,Clostridiaceae_1,Clostridium_sensu_stricto_9,NA
622288,K01183,ASV2402,1,0.000203125,5.40E-06,Bacteria,Firmicutes,Bacilli,Bacillales,Bacillaceae,NA,NA
622288,K01452,ASV2402,1,0.000203125,5.16E-06,Bacteria,Firmicutes,Bacilli,Bacillales,Bacillaceae,NA,NA
622288,K03933,ASV2402,1,0.000203125,0.000127119,Bacteria,Firmicutes,Bacilli,Bacillales,Bacillaceae,NA,NA
854368,K01183,ASV2410,1,0.00128878,3.43E-05,Bacteria,Actinobacteria,Acidimicrobiia,IMCC26256,NA,NA,NA
160321,K01183,ASV2419,1,0.003273224,8.70E-05,Bacteria,Kiritimatiellaeota,Kiritimatiellae,Kiritimatiellales,Kiritimatiellaceae,MSBL3,NA
217732,K01183,ASV2453,1,1.950026055,0.051823379,Bacteria,Bacteroidetes,Bacteroidia,Flavobacteriales,Flavobacteriaceae,Muricauda,NA
138551,K01183,ASV2465,1,0.001560917,4.15E-05,Bacteria,Actinobacteria,Acidimicrobiia,Microtrichales,Microtrichaceae,Candidatus_Microthrix,NA
364538,K01183,ASV2474,1,0.000276088,7.34E-06,Bacteria,Bacteroidetes,Bacteroidia,Bacteroidales,Dysgonomonadaceae,Dysgonomonas,NA
131516,K01183,ASV2478,1,0.000756447,2.01E-05,Bacteria,Actinobacteria,Acidimicrobiia,Microtrichales,Ilumatobacteraceae,Ilumatobacter,NA
1087462,K01452,ASV2513,1,0.002085661,5.30E-05,Bacteria,Bacteroidetes,Bacteroidia,Cytophagales,Cytophagaceae,Cytophaga,NA
1074625,K01183,ASV2533,1,0.004103098,0.000109043,Bacteria,Actinobacteria,Actinobacteria,Micrococcales,Microbacteriaceae,NA,NA
316869,K01183,ASV2542,3,0.006548173,0.000522068,Bacteria,Proteobacteria,Gammaproteobacteria,Cellvibrionales,Cellvibrionaceae,NA,NA
2353709,K01183,ASV2571,2,0.000391663,2.08E-05,Bacteria,Proteobacteria,Gammaproteobacteria,Betaproteobacteriales,Burkholderiaceae,Duganella,NA
2353709,K03791,ASV2571,1,0.000391663,0.003841079,Bacteria,Proteobacteria,Gammaproteobacteria,Betaproteobacteriales,Burkholderiaceae,Duganella,NA
571263,K03791,ASV2577,2,0.000752528,0.014760238,Bacteria,Proteobacteria,Alphaproteobacteria,Rhizobiales,Rhizobiaceae,Mesorhizobium,NA
4433019,K01183,ASV2582,3,0.000700296,5.58E-05,Bacteria,Proteobacteria,Gammaproteobacteria,Cellvibrionales,Cellvibrionaceae,Cellvibrio,NA
223804,K01183,ASV2588,1,0.000257682,6.85E-06,Bacteria,Acidobacteria,Thermoanaerobaculia,Thermoanaerobaculales,Thermoanaerobaculaceae,Subgroup_10,NA
1141681,K01183,ASV2592,1,0.001101888,2.93E-05,Bacteria,Firmicutes,Clostridia,Clostridiales,Ruminococcaceae,NA,NA
585063,K01183,ASV2608,1,0.001911146,5.08E-05,Bacteria,Actinobacteria,Actinobacteria,PeM15,NA,NA,NA
585063,K03933,ASV2608,1,0.001911146,0.001196029,Bacteria,Actinobacteria,Actinobacteria,PeM15,NA,NA,NA
387744,K01183,ASV2609,1,4.80E-05,1.28E-06,Bacteria,Actinobacteria,Actinobacteria,PeM15,NA,NA,NA
387744,K03933,ASV2609,1,4.80E-05,3.00E-05,Bacteria,Actinobacteria,Actinobacteria,PeM15,NA,NA,NA
1072562,K01183,ASV2618,1,0.001613754,4.29E-05,Bacteria,Bacteroidetes,Bacteroidia,Chitinophagales,Chitinophagaceae,Ferruginibacter,NA
975335,K01183,ASV2622,1,0.00029109,7.74E-06,Bacteria,Bacteroidetes,Bacteroidia,Cytophagales,Spirosomaceae,Dyadobacter,NA
4452842,K01183,ASV2635,1,0.000644472,1.71E-05,Bacteria,Firmicutes,Clostridia,Clostridiales,Clostridiaceae_1,Clostridium_sensu_stricto_9,NA
917443,K01183,ASV2640,1,3.77E-05,1.00E-06,Bacteria,Bacteroidetes,Bacteroidia,Cytophagales,Cyclobacteriaceae,Algoriphagus,NA
79309,K01183,ASV2652,2,0.002229933,0.000118524,Bacteria,Proteobacteria,Gammaproteobacteria,Oceanospirillales,Oleiphilaceae,Oleiphilus,NA
1011088,K01452,ASV2675,1,0.242527797,0.006162744,Bacteria,Proteobacteria,Alphaproteobacteria,Rhodobacterales,Rhodobacteraceae,NA,NA
499899,K01183,ASV2686,1,0.000650274,1.73E-05,Bacteria,Bacteroidetes,Bacteroidia,Cytophagales,Spirosomaceae,Dyadobacter,NA
564941,K01183,ASV2690,1,0.000239276,6.36E-06,Bacteria,Firmicutes,Clostridia,Clostridiales,Ruminococcaceae,Ruminococcaceae_UCG-005,NA
73910,K01183,ASV2691,1,0.000239276,6.36E-06,Bacteria,Acidobacteria,Thermoanaerobaculia,Thermoanaerobaculales,Thermoanaerobaculaceae,Subgroup_10,NA
658233,K03791,ASV2707,1,0.000358937,0.003520132,Bacteria,Proteobacteria,Gammaproteobacteria,Methylococcales,Methylomonaceae,Methylobacter,NA
828667,K01183,ASV2739,1,0.000468943,1.25E-05,Bacteria,Actinobacteria,Actinobacteria,Micrococcales,Micrococcaceae,Paeniglutamicibacter,NA
892370,K01183,ASV2742,1,0.00342029,9.09E-05,Bacteria,Bacteroidetes,Bacteroidia,Chitinophagales,Chitinophagaceae,Ferruginibacter,lapsinanis
217746,K01183,ASV2754,1,5.16E-05,1.37E-06,Bacteria,Chloroflexi,KD4-96,NA,NA,NA,NA
217746,K01452,ASV2754,1,5.16E-05,1.31E-06,Bacteria,Chloroflexi,KD4-96,NA,NA,NA,NA
890516,K01183,ASV2759,2,2.80E-05,1.49E-06,Bacteria,Actinobacteria,Actinobacteria,Frankiales,Frankiaceae,Frankia,NA
890516,K01452,ASV2759,1,2.80E-05,7.11E-07,Bacteria,Actinobacteria,Actinobacteria,Frankiales,Frankiaceae,Frankia,NA
91845,K01452,ASV2794,1,0.00358793,9.12E-05,Bacteria,Proteobacteria,Alphaproteobacteria,Rhodobacterales,Rhodobacteraceae,Donghicola,NA
3744574,K01183,ASV2816,1,0.00056925,1.51E-05,Bacteria,Bacteroidetes,Bacteroidia,Sphingobacteriales,Sphingobacteriaceae,Pedobacter,rivuli
107450,K01183,ASV2831,1,0.000452639,1.20E-05,Bacteria,Firmicutes,Clostridia,Clostridiales,Ruminococcaceae,Ruminiclostridium_9,NA
813720,K01183,ASV2838,1,0.000484126,1.29E-05,Bacteria,Acidobacteria,Subgroup_6,NA,NA,NA,NA
517156,K01183,ASV2841,1,0.002283822,6.07E-05,Bacteria,Actinobacteria,Acidimicrobiia,Microtrichales,Iamiaceae,Iamia,NA
875867,K01183,ASV2846,1,0.000106826,2.84E-06,Bacteria,Actinobacteria,Acidimicrobiia,Microtrichales,Microtrichaceae,NA,NA
359570,K03791,ASV2848,1,0.000187703,0.001840822,Bacteria,Proteobacteria,Gammaproteobacteria,Betaproteobacteriales,Chitinibacteraceae,Deefgea,NA
814909,K01183,ASV2851,1,0.00332995,8.85E-05,Bacteria,Actinobacteria,Actinobacteria,Micrococcales,Microbacteriaceae,Microbacterium,pumilum
814721,K01183,ASV2864,1,0.00016622,4.42E-06,Bacteria,Actinobacteria,Thermoleophilia,Solirubrobacterales,67-14,NA,NA
593437,K01452,ASV2923,1,0.300206365,0.007628383,Bacteria,Proteobacteria,Alphaproteobacteria,Rhodobacterales,Rhodobacteraceae,NA,NA
719608,K01452,ASV2925,1,0.000307735,7.82E-06,Bacteria,Proteobacteria,Alphaproteobacteria,Rhodobacterales,Rhodobacteraceae,Paracoccus,NA
922761,K01183,ASV2927,1,0.018999215,0.000504918,Bacteria,Proteobacteria,Gammaproteobacteria,Enterobacteriales,Enterobacteriaceae,Pantoea,NA
922761,K03791,ASV2927,1,0.018999215,0.186327241,Bacteria,Proteobacteria,Gammaproteobacteria,Enterobacteriales,Enterobacteriaceae,Pantoea,NA
922761,K03933,ASV2927,2,0.018999215,0.023780091,Bacteria,Proteobacteria,Gammaproteobacteria,Enterobacteriales,Enterobacteriaceae,Pantoea,NA
580625,K01452,ASV2928,1,0.014160103,0.000359815,Bacteria,Proteobacteria,Alphaproteobacteria,Rhizobiales,Xanthobacteraceae,Afipia,NA
4327501,K01452,ASV2936,1,0.00041821,1.06E-05,Bacteria,Proteobacteria,Gammaproteobacteria,Pseudomonadales,Pseudomonadaceae,Pseudomonas,NA
4327501,K03791,ASV2936,1,0.00041821,0.004101428,Bacteria,Proteobacteria,Gammaproteobacteria,Pseudomonadales,Pseudomonadaceae,Pseudomonas,NA
1080980,K01183,ASV2945,1,0.000486548,1.29E-05,Bacteria,Bacteroidetes,Bacteroidia,Cytophagales,Hymenobacteraceae,Hymenobacter,NA
832257,K01183,ASV2948,2,0.000568071,3.02E-05,Bacteria,Bacteroidetes,Bacteroidia,Cytophagales,Spirosomaceae,Spirosoma,NA
4308297,K01183,ASV2952,1,0.000202465,5.38E-06,Bacteria,Acidobacteria,Holophagae,Subgroup_7,NA,NA,NA
773575,K01183,ASV2966,1,0.005640651,0.000149904,Bacteria,Bacteroidetes,Bacteroidia,Chitinophagales,Saprospiraceae,NA,NA
746799,K01452,ASV2968,1,0.001529073,3.89E-05,Bacteria,Proteobacteria,Alphaproteobacteria,Rhodobacterales,Rhodobacteraceae,Tabrizicola,NA
818369,K01452,ASV3024,1,0.00396038,0.000100635,Bacteria,Proteobacteria,Gammaproteobacteria,Pseudomonadales,Pseudomonadaceae,Pseudomonas,sabulinigri
818369,K03791,ASV3024,1,0.00396038,0.038839851,Bacteria,Proteobacteria,Gammaproteobacteria,Pseudomonadales,Pseudomonadaceae,Pseudomonas,sabulinigri
4338598,K01183,ASV3044,1,0.004216065,0.000112045,Bacteria,Bacteroidetes,Bacteroidia,Bacteroidales,Bacteroidaceae,Bacteroides,NA
809380,K01452,ASV3045,1,0.004216065,0.000107132,Bacteria,Fusobacteria,Fusobacteriia,Fusobacteriales,Fusobacteriaceae,Fusobacterium,NA
574051,K01183,ASV3051,1,0.000979255,2.60E-05,Bacteria,Firmicutes,Bacilli,Bacillales,Bacillaceae,Bacillus,NA
574051,K03933,ASV3051,1,0.000979255,0.000612835,Bacteria,Firmicutes,Bacilli,Bacillales,Bacillaceae,Bacillus,NA
139292,K01183,ASV3052,1,0.012764969,0.000339238,Bacteria,Bacteroidetes,Bacteroidia,Flavobacteriales,Flavobacteriaceae,Muricauda,NA
933150,K01183,ASV3086,1,0.001390067,3.69E-05,Bacteria,Bacteroidetes,Bacteroidia,Chitinophagales,Chitinophagaceae,Segetibacter,NA
699855,K01183,ASV3090,1,0.000403439,1.07E-05,Bacteria,Acidobacteria,Holophagae,Holophagales,Holophagaceae,NA,NA
2297613,K01183,ASV3123,1,1.84E-05,4.89E-07,Bacteria,Actinobacteria,Actinobacteria,Micrococcales,Microbacteriaceae,Microbacterium,NA
612465,K01183,ASV3140,1,0.000309857,8.23E-06,Bacteria,Bacteroidetes,Bacteroidia,Sphingobacteriales,Sphingobacteriaceae,Pedobacter,NA
46681,K01183,ASV3142,1,0.000562266,1.49E-05,Bacteria,Spirochaetes,Spirochaetia,Spirochaetales,Spirochaetaceae,Treponema_2,NA
1090029,K03933,ASV3143,1,5.16E-05,3.23E-05,Bacteria,Actinobacteria,Actinobacteria,Micrococcales,Sanguibacteraceae,Sanguibacter,NA
765455,K01183,ASV3148,1,0.001645293,4.37E-05,Bacteria,Bacteroidetes,Bacteroidia,Chitinophagales,Saprospiraceae,NA,NA
1011088,K01452,ASV3182,1,0.242527797,0.006162744,Bacteria,Proteobacteria,Alphaproteobacteria,Rhodobacterales,Rhodobacteraceae,NA,NA
160406,K01452,ASV3200,1,0.001077196,2.74E-05,Bacteria,Proteobacteria,Alphaproteobacteria,Rhodobacterales,Rhodobacteraceae,Pseudooceanicola,NA
512148,K01183,ASV3201,1,0.000527706,1.40E-05,Bacteria,Actinobacteria,Thermoleophilia,Solirubrobacterales,67-14,NA,NA
569456,K03791,ASV3207,1,0.00013988,0.001371817,Bacteria,Proteobacteria,Gammaproteobacteria,Xanthomonadales,Xanthomonadaceae,Pseudoxanthomonas,NA
1104592,K01183,ASV3208,1,0.000484581,1.29E-05,Bacteria,Proteobacteria,Gammaproteobacteria,Aeromonadales,Aeromonadaceae,Tolumonas,auensis
1104592,K03933,ASV3208,1,0.000484581,0.000303259,Bacteria,Proteobacteria,Gammaproteobacteria,Aeromonadales,Aeromonadaceae,Tolumonas,auensis
658224,K03933,ASV3228,1,0.000464786,0.000290871,Bacteria,Firmicutes,Bacilli,Lactobacillales,Lactobacillaceae,Lactobacillus,NA
582691,K01183,ASV3240,2,0.000457032,2.43E-05,Bacteria,Firmicutes,Clostridia,Clostridiales,Clostridiaceae_1,Clostridium_sensu_stricto_1,NA
4348932,K01183,ASV3249,1,0.000442893,1.18E-05,Bacteria,Acidobacteria,Subgroup_6,NA,NA,NA,NA
1106130,K01183,ASV3256,4,0.000363095,3.86E-05,Bacteria,Actinobacteria,Actinobacteria,Streptomycetales,Streptomycetaceae,Streptomyces,NA
1106130,K03933,ASV3256,4,0.000363095,0.000908925,Bacteria,Actinobacteria,Actinobacteria,Streptomycetales,Streptomycetaceae,Streptomyces,NA
975335,K01183,ASV3274,1,0.00029109,7.74E-06,Bacteria,Bacteroidetes,Bacteroidia,Cytophagales,Spirosomaceae,Dyadobacter,NA
812921,K01452,ASV3281,1,0.027961816,0.000710523,Bacteria,Proteobacteria,Alphaproteobacteria,Rhodobacterales,Rhodobacteraceae,Tabrizicola,NA
1040889,K01183,ASV3310,1,0.000152344,4.05E-06,Bacteria,Firmicutes,Clostridia,Clostridiales,Lachnospiraceae,Lachnospiraceae_NK4A136_group,NA
1124689,K03791,ASV3316,1,0.000112794,0.001106182,Bacteria,Deinococcus-Thermus,Deinococci,Deinococcales,Deinococcaceae,Deinococcus,NA
328043,K01183,ASV3324,3,0.002363607,0.000188444,Bacteria,Proteobacteria,Gammaproteobacteria,Cellvibrionales,Cellvibrionaceae,Gilvimarinus,agarilyticus
1111517,K01183,ASV3373,1,0.00043614,1.16E-05,Bacteria,Acidobacteria,Blastocatellia_(Subgroup_4),Nov-24,NA,NA,NA
1111582,K03933,ASV3500,2,0.067135191,0.084028786,Bacteria,Firmicutes,Bacilli,Lactobacillales,Carnobacteriaceae,Granulicatella,elegans
139292,K01183,ASV3508,1,0.012764969,0.000339238,Bacteria,Bacteroidetes,Bacteroidia,Flavobacteriales,Flavobacteriaceae,Muricauda,NA
563192,K01183,ASV3524,1,0.0003615,9.61E-06,Bacteria,Actinobacteria,Acidimicrobiia,Microtrichales,Ilumatobacteraceae,CL500-29_marine_group,NA
1129515,K01183,ASV3533,1,0.000264039,7.02E-06,Bacteria,Bacteroidetes,Bacteroidia,Chitinophagales,Chitinophagaceae,Flavihumibacter,NA
1129515,K03791,ASV3533,1,0.000264039,0.002589457,Bacteria,Bacteroidetes,Bacteroidia,Chitinophagales,Chitinophagaceae,Flavihumibacter,NA
1038712,K01183,ASV3545,1,0.000344472,9.15E-06,Bacteria,Bacteroidetes,Bacteroidia,Cytophagales,Spirosomaceae,Persicitalea,NA
219818,K01183,ASV3547,1,0.000973047,2.59E-05,Bacteria,Actinobacteria,Thermoleophilia,Gaiellales,Gaiellaceae,Gaiella,NA
434004,K01183,ASV3549,1,0.000973047,2.59E-05,Bacteria,Bacteroidetes,Bacteroidia,Chitinophagales,Chitinophagaceae,Terrimonas,NA
941024,K01452,ASV3554,1,0.000282407,7.18E-06,Bacteria,Fusobacteria,Fusobacteriia,Fusobacteriales,Fusobacteriaceae,Fusobacterium,NA
1074625,K01183,ASV3578,1,0.004103098,0.000109043,Bacteria,Actinobacteria,Actinobacteria,Micrococcales,Microbacteriaceae,Frigoribacterium,NA
683891,K01452,ASV3596,1,0.000779788,1.98E-05,Bacteria,Proteobacteria,Alphaproteobacteria,Rhodobacterales,Rhodobacteraceae,Pseudorhodobacter,NA
722628,K01452,ASV3618,1,0.715259006,0.018175063,Bacteria,Proteobacteria,Alphaproteobacteria,Rhodobacterales,Rhodobacteraceae,Planktotalea,NA
568345,K01452,ASV3649,1,36.27709494,0.921817788,Bacteria,Proteobacteria,Alphaproteobacteria,Rhodobacterales,Rhodobacteraceae,NA,NA
4395040,K01183,ASV3670,1,0.000361325,9.60E-06,Bacteria,Acidobacteria,Acidobacteriia,Solibacterales,Solibacteraceae_(Subgroup_3),Paludibaculum,NA
906197,K01183,ASV3672,1,0.000371099,9.86E-06,Bacteria,Proteobacteria,Gammaproteobacteria,Cellvibrionales,Spongiibacteraceae,BD1-7_clade,NA
155455,K01183,ASV3678,1,0.000309857,8.23E-06,Bacteria,Acidobacteria,Blastocatellia_(Subgroup_4),Blastocatellales,Blastocatellaceae,Blastocatella,NA
4295251,K01183,ASV3681,1,0.0003062,8.14E-06,Bacteria,Bacteroidetes,Bacteroidia,Sphingobacteriales,Sphingobacteriaceae,Sphingobacterium,NA
809993,K01183,ASV3697,1,0.000242063,6.43E-06,Bacteria,Bacteroidetes,Bacteroidia,Cytophagales,Hymenobacteraceae,Hymenobacter,NA
862949,K03791,ASV3698,2,0.000242063,0.004747873,Bacteria,Deinococcus-Thermus,Deinococci,Deinococcales,Deinococcaceae,Deinococcus,NA
560243,K03791,ASV3699,1,0.000242063,0.002373937,Bacteria,Proteobacteria,Gammaproteobacteria,Betaproteobacteriales,Chitinibacteraceae,Iodobacter,fluviatilis
365496,K01183,ASV3791,1,0.002108032,5.60E-05,Bacteria,Bacteroidetes,Bacteroidia,Bacteroidales,Bacteroidaceae,Bacteroides,NA
1848083,K01452,ASV3805,1,0.038948254,0.000989693,Bacteria,Proteobacteria,Alphaproteobacteria,Rhodobacterales,Rhodobacteraceae,Donghicola,NA
548736,K01452,ASV3811,1,0.002746214,6.98E-05,Bacteria,Proteobacteria,Alphaproteobacteria,Rhodobacterales,Rhodobacteraceae,Shimia,NA
548736,K01452,ASV3827,1,0.002746214,6.98E-05,Bacteria,Proteobacteria,Alphaproteobacteria,Rhodobacterales,Rhodobacteraceae,Shimia,NA
812105,K01183,ASV3829,1,0.000189453,5.03E-06,Bacteria,Latescibacteria,NA,NA,NA,NA,NA
545460,K01183,ASV3830,1,0.002252692,5.99E-05,Bacteria,Actinobacteria,Actinobacteria,Frankiales,Sporichthyaceae,NA,NA
545460,K03933,ASV3830,1,0.002252692,0.001409775,Bacteria,Actinobacteria,Actinobacteria,Frankiales,Sporichthyaceae,NA,NA
544324,K01452,ASV3831,1,0.001599216,4.06E-05,Bacteria,Proteobacteria,Alphaproteobacteria,Rhodobacterales,Rhodobacteraceae,NA,NA
962736,K01183,ASV3843,1,0.000250106,6.65E-06,Bacteria,Proteobacteria,Gammaproteobacteria,KI89A_clade,NA,NA,NA
192970,K01452,ASV3845,1,0.000351977,8.94E-06,Bacteria,Cyanobacteria,Oxyphotobacteria,Leptolyngbyales,Leptolyngbyaceae,Chamaesiphon_PCC-7430,NA
1143179,K01183,ASV3849,1,0.000258214,6.86E-06,Bacteria,Proteobacteria,Deltaproteobacteria,Myxococcales,Haliangiaceae,Haliangium,NA
556915,K01183,ASV3884,1,0.000138053,3.67E-06,Bacteria,Kiritimatiellaeota,Kiritimatiellae,WCHB1-41,NA,NA,NA
1012112,K01183,ASV3885,1,0.000138053,3.67E-06,Bacteria,Actinobacteria,Thermoleophilia,Solirubrobacterales,Solirubrobacteraceae,Solirubrobacter,phytolaccae
352392,K01452,ASV3892,1,2.76E-05,7.02E-07,Bacteria,Proteobacteria,Gammaproteobacteria,Pseudomonadales,Moraxellaceae,Cavicella,NA
1097359,K01452,ASV3909,1,0.032834463,0.000834339,Bacteria,Proteobacteria,Gammaproteobacteria,Pseudomonadales,Moraxellaceae,Acinetobacter,NA
991740,K01183,ASV3915,1,0.00016622,4.42E-06,Bacteria,Bacteroidetes,Bacteroidia,Chitinophagales,Chitinophagaceae,Sediminibacterium,NA
188150,K01452,ASV3957,1,0.051876908,0.001318216,Bacteria,Proteobacteria,Alphaproteobacteria,Rhodobacterales,Rhodobacteraceae,Donghicola,NA
217732,K01183,ASV3967,1,1.950026055,0.051823379,Bacteria,Bacteroidetes,Bacteroidia,Flavobacteriales,Flavobacteriaceae,Muricauda,NA
608293,K01452,ASV3991,1,0.008663819,0.000220152,Bacteria,Proteobacteria,Alphaproteobacteria,Rhodobacterales,Rhodobacteraceae,Defluviimonas,NA
794948,K03791,ASV4030,1,0.00015088,0.001479696,Bacteria,Proteobacteria,Gammaproteobacteria,Enterobacteriales,Enterobacteriaceae,Pectobacterium,NA
222753,K01183,ASV4047,3,0.000161375,1.29E-05,Bacteria,Proteobacteria,Gammaproteobacteria,Cellvibrionales,Cellvibrionaceae,Cellvibrio,NA
770205,K01452,ASV4074,1,9.60E-05,2.44E-06,Bacteria,Proteobacteria,Alphaproteobacteria,Rhodobacterales,Rhodobacteraceae,NA,NA
746675,K01183,ASV4145,2,0.001234446,6.56E-05,Bacteria,Proteobacteria,Gammaproteobacteria,Oceanospirillales,Pseudohongiellaceae,Pseudohongiella,NA
918840,K01183,ASV4187,1,0.000268192,7.13E-06,Bacteria,Actinobacteria,Actinobacteria,Pseudonocardiales,Pseudonocardiaceae,Pseudonocardia,NA
918840,K01452,ASV4187,1,0.000268192,6.81E-06,Bacteria,Actinobacteria,Actinobacteria,Pseudonocardiales,Pseudonocardiaceae,Pseudonocardia,NA
588165,K01452,ASV4189,1,0.000264774,6.73E-06,Bacteria,Proteobacteria,Alphaproteobacteria,Rhodobacterales,Rhodobacteraceae,Paracoccus,NA
3859,K01183,ASV4206,1,0.001983169,5.27E-05,Bacteria,Spirochaetes,Spirochaetia,Spirochaetales,Spirochaetaceae,Treponema_2,NA
357342,K01183,ASV4211,1,0.000250926,6.67E-06,Bacteria,Actinobacteria,Actinobacteria,Frankiales,Nakamurellaceae,Nakamurella,NA
543065,K01452,ASV4231,1,0.000799541,2.03E-05,Bacteria,Proteobacteria,Alphaproteobacteria,Rhodobacterales,Rhodobacteraceae,Gemmobacter,NA
939811,K01183,ASV4239,3,0.785430874,0.062620213,Bacteria,Proteobacteria,Gammaproteobacteria,Vibrionales,Vibrionaceae,Catenococcus,NA
939811,K01452,ASV4239,1,0.785430874,0.019958162,Bacteria,Proteobacteria,Gammaproteobacteria,Vibrionales,Vibrionaceae,Catenococcus,NA
939811,K03933,ASV4239,1,0.785430874,0.491536568,Bacteria,Proteobacteria,Gammaproteobacteria,Vibrionales,Vibrionaceae,Catenococcus,NA
544324,K01452,ASV4240,1,0.001599216,4.06E-05,Bacteria,Proteobacteria,Alphaproteobacteria,Rhodobacterales,Rhodobacteraceae,Lutimaribacter,NA
579633,K01183,ASV4268,1,0.000147631,3.92E-06,Bacteria,Acidobacteria,Subgroup_6,NA,NA,NA,NA
164660,K01183,ASV4270,2,0.000318602,1.69E-05,Bacteria,Proteobacteria,Gammaproteobacteria,Betaproteobacteriales,Chromobacteriaceae,NA,NA
164660,K03791,ASV4270,1,0.000318602,0.003124562,Bacteria,Proteobacteria,Gammaproteobacteria,Betaproteobacteriales,Chromobacteriaceae,NA,NA
164660,K03933,ASV4270,2,0.000318602,0.000398774,Bacteria,Proteobacteria,Gammaproteobacteria,Betaproteobacteriales,Chromobacteriaceae,NA,NA
217732,K01183,ASV4425,1,1.950026055,0.051823379,Bacteria,Bacteroidetes,Bacteroidia,Flavobacteriales,Flavobacteriaceae,Muricauda,NA
217732,K01183,ASV4436,1,1.950026055,0.051823379,Bacteria,Bacteroidetes,Bacteroidia,Flavobacteriales,Flavobacteriaceae,Muricauda,NA
804175,K01452,ASV4686,1,0.029622995,0.000752734,Bacteria,Proteobacteria,Alphaproteobacteria,Rhodobacterales,Rhodobacteraceae,Antarctobacter,NA
1011088,K01452,ASV4713,1,0.242527797,0.006162744,Bacteria,Proteobacteria,Alphaproteobacteria,Rhodobacterales,Rhodobacteraceae,NA,NA
4447049,K01183,ASV4740,1,6.92E-05,1.84E-06,Bacteria,Acidobacteria,Blastocatellia_(Subgroup_4),Blastocatellales,Blastocatellaceae,Stenotrophobacter,NA
821717,K01452,ASV4746,1,0.007960159,0.000202271,Bacteria,Proteobacteria,Alphaproteobacteria,Rhodobacterales,Rhodobacteraceae,NA,NA
91845,K01452,ASV4755,1,0.00358793,9.12E-05,Bacteria,Proteobacteria,Alphaproteobacteria,Rhodobacterales,Rhodobacteraceae,Donghicola,NA
807821,K01183,ASV4811,1,0.000112794,3.00E-06,Bacteria,Actinobacteria,Acidimicrobiia,Actinomarinales,Actinomarinaceae,Candidatus_Actinomarina,NA
769643,K01452,ASV4825,1,0.000945006,2.40E-05,Bacteria,Proteobacteria,Gammaproteobacteria,Pseudomonadales,Pseudomonadaceae,Pseudomonas,NA
1065974,K03933,ASV4884,1,0.00016622,0.000104023,Bacteria,Firmicutes,Bacilli,Lactobacillales,Carnobacteriaceae,Trichococcus,NA
936354,K01452,ASV4905,1,0.011136665,0.000282988,Bacteria,Proteobacteria,Gammaproteobacteria,Pseudomonadales,Moraxellaceae,NA,NA
593437,K01452,ASV4939,1,0.300206365,0.007628383,Bacteria,Proteobacteria,Alphaproteobacteria,Rhodobacterales,Rhodobacteraceae,NA,NA
813352,K01452,ASV4959,2,5.52E-05,2.81E-06,Bacteria,Cyanobacteria,Oxyphotobacteria,Nostocales,Nostocaceae,Nostoc_PCC-73102,NA
821717,K01452,ASV5107,1,0.007960159,0.000202271,Bacteria,Proteobacteria,Alphaproteobacteria,Rhodobacterales,Rhodobacteraceae,NA,NA
722628,K01452,ASV5170,1,0.715259006,0.018175063,Bacteria,Proteobacteria,Alphaproteobacteria,Rhodobacterales,Rhodobacteraceae,NA,NA
593437,K01452,ASV5241,1,0.300206365,0.007628383,Bacteria,Proteobacteria,Alphaproteobacteria,Rhodobacterales,Rhodobacteraceae,Lutimaribacter,NA
217732,K01183,ASV5301,1,1.950026055,0.051823379,Bacteria,Bacteroidetes,Bacteroidia,Flavobacteriales,Flavobacteriaceae,Muricauda,NA
592272,K01452,ASV5332,1,6.17E-05,1.57E-06,Bacteria,Proteobacteria,Alphaproteobacteria,Rhodobacterales,Rhodobacteraceae,NA,NA
217732,K01183,ASV5364,1,1.950026055,0.051823379,Bacteria,Bacteroidetes,Bacteroidia,Flavobacteriales,Flavobacteriaceae,Muricauda,NA
568345,K01452,ASV5399,1,36.27709494,0.921817788,Bacteria,Proteobacteria,Alphaproteobacteria,Rhodobacterales,Rhodobacteraceae,Donghicola,NA
152417,K01183,ASV5459,2,0.000181403,9.64E-06,Bacteria,Proteobacteria,Alphaproteobacteria,Rhodobacterales,Rhodobacteraceae,NA,NA
152417,K03933,ASV5459,1,0.000181403,0.000113525,Bacteria,Proteobacteria,Alphaproteobacteria,Rhodobacterales,Rhodobacteraceae,NA,NA
217732,K01183,ASV5504,1,1.950026055,0.051823379,Bacteria,Bacteroidetes,Bacteroidia,Flavobacteriales,Flavobacteriaceae,Muricauda,NA
91845,K01452,ASV5540,1,0.00358793,9.12E-05,Bacteria,Proteobacteria,Alphaproteobacteria,Rhodobacterales,Rhodobacteraceae,Donghicola,NA
974121,K01183,ASV5585,2,0.004392247,0.000233454,Bacteria,Proteobacteria,Gammaproteobacteria,Pseudomonadales,Pseudomonadaceae,Pseudomonas,NA
974121,K03791,ASV5585,1,0.004392247,0.043075215,Bacteria,Proteobacteria,Gammaproteobacteria,Pseudomonadales,Pseudomonadaceae,Pseudomonas,NA
974121,K03933,ASV5585,2,0.004392247,0.005497492,Bacteria,Proteobacteria,Gammaproteobacteria,Pseudomonadales,Pseudomonadaceae,Pseudomonas,NA
188150,K01452,ASV5631,1,0.051876908,0.001318216,Bacteria,Proteobacteria,Alphaproteobacteria,Rhodobacterales,Rhodobacteraceae,Donghicola,NA
537954,K01452,ASV5686,1,9.97E-05,2.53E-06,Bacteria,Proteobacteria,Alphaproteobacteria,Rhodobacterales,Rhodobacteraceae,Marinovum,NA
368902,K01452,ASV5806,1,0.000180642,4.59E-06,Bacteria,Proteobacteria,Alphaproteobacteria,Rhodobacterales,Rhodobacteraceae,Celeribacter,NA
804175,K01452,ASV5837,1,0.029622995,0.000752734,Bacteria,Proteobacteria,Alphaproteobacteria,Rhodobacterales,Rhodobacteraceae,NA,NA
892000,K01183,ASV5984,1,2.80E-05,7.43E-07,Bacteria,Acidobacteria,Subgroup_6,NA,NA,NA,NA
236204,K03791,ASV6052,1,7.71E-05,0.000756585,Bacteria,Proteobacteria,Gammaproteobacteria,Betaproteobacteriales,NA,NA,NA
236204,K03933,ASV6052,1,7.71E-05,4.83E-05,Bacteria,Proteobacteria,Gammaproteobacteria,Betaproteobacteriales,NA,NA,NA
217239,K01452,ASV6092,1,0.174569805,0.0044359,Bacteria,Proteobacteria,Alphaproteobacteria,Rhodobacterales,Rhodobacteraceae,Rhodovulum,NA
705967,K01452,ASV6224,1,0.194450578,0.004941079,Bacteria,Proteobacteria,Alphaproteobacteria,Rhodobacterales,Rhodobacteraceae,NA,NA
854272,K01452,ASV6265,1,0.004192443,0.000106532,Bacteria,Proteobacteria,Alphaproteobacteria,Rhodobacterales,Rhodobacteraceae,Paracoccus,NA
236204,K03791,ASV6267,1,7.71E-05,0.000756585,Bacteria,Proteobacteria,Gammaproteobacteria,Betaproteobacteriales,Burkholderiaceae,Herbaspirillum,NA
236204,K03933,ASV6267,1,7.71E-05,4.83E-05,Bacteria,Proteobacteria,Gammaproteobacteria,Betaproteobacteriales,Burkholderiaceae,Herbaspirillum,NA
974121,K01183,ASV6268,2,0.004392247,0.000233454,Bacteria,Proteobacteria,Gammaproteobacteria,Pseudomonadales,Pseudomonadaceae,Pseudomonas,NA
974121,K03791,ASV6268,1,0.004392247,0.043075215,Bacteria,Proteobacteria,Gammaproteobacteria,Pseudomonadales,Pseudomonadaceae,Pseudomonas,NA
974121,K03933,ASV6268,2,0.004392247,0.005497492,Bacteria,Proteobacteria,Gammaproteobacteria,Pseudomonadales,Pseudomonadaceae,Pseudomonas,NA
646549,K01183,ASV6270,1,0.009617197,0.000255584,Bacteria,Proteobacteria,Gammaproteobacteria,Pseudomonadales,Pseudomonadaceae,Pseudomonas,NA
646549,K03791,ASV6270,1,0.009617197,0.094316833,Bacteria,Proteobacteria,Gammaproteobacteria,Pseudomonadales,Pseudomonadaceae,Pseudomonas,NA
646549,K03933,ASV6270,2,0.009617197,0.012037225,Bacteria,Proteobacteria,Gammaproteobacteria,Pseudomonadales,Pseudomonadaceae,Pseudomonas,NA
1011088,K01452,ASV6271,1,0.242527797,0.006162744,Bacteria,Proteobacteria,Alphaproteobacteria,Rhodobacterales,Rhodobacteraceae,Marinovum,NA
1010927,K01183,ASV6330,3,0.54575112,0.043511215,Bacteria,Proteobacteria,Gammaproteobacteria,Cellvibrionales,Cellvibrionaceae,Marinimicrobium,NA
568345,K01452,ASV6348,1,36.27709494,0.921817788,Bacteria,Proteobacteria,Alphaproteobacteria,Rhodobacterales,Rhodobacteraceae,Donghicola,NA
517116,K01452,ASV6361,1,0.000167453,4.26E-06,Bacteria,Proteobacteria,Alphaproteobacteria,Rhodobacterales,Rhodobacteraceae,Frigidibacter,NA
608293,K01452,ASV6434,1,0.008663819,0.000220152,Bacteria,Proteobacteria,Alphaproteobacteria,Rhodobacterales,Rhodobacteraceae,NA,NA
1011088,K01452,ASV6448,1,0.242527797,0.006162744,Bacteria,Proteobacteria,Alphaproteobacteria,Rhodobacterales,Rhodobacteraceae,Pseudorhodobacter,NA
2297613,K01183,ASV6451,1,1.84E-05,4.89E-07,Bacteria,Actinobacteria,Actinobacteria,Micrococcales,Microbacteriaceae,Microbacterium,NA
922761,K01183,ASV6454,1,0.018999215,0.000504918,Bacteria,Proteobacteria,Gammaproteobacteria,Enterobacteriales,Enterobacteriaceae,Raoultella,NA
922761,K03791,ASV6454,1,0.018999215,0.186327241,Bacteria,Proteobacteria,Gammaproteobacteria,Enterobacteriales,Enterobacteriaceae,Raoultella,NA
922761,K03933,ASV6454,2,0.018999215,0.023780091,Bacteria,Proteobacteria,Gammaproteobacteria,Enterobacteriales,Enterobacteriaceae,Raoultella,NA
228207,K01452,ASV6456,1,0.00044265,1.12E-05,Bacteria,Proteobacteria,Gammaproteobacteria,Pseudomonadales,Moraxellaceae,NA,NA
543065,K01452,ASV6474,1,0.000799541,2.03E-05,Bacteria,Proteobacteria,Alphaproteobacteria,Rhodobacterales,Rhodobacteraceae,NA,NA
555568,K01452,ASV6495,1,0.000100527,2.55E-06,Bacteria,Proteobacteria,Alphaproteobacteria,Rhodobacterales,Rhodobacteraceae,NA,NA
804175,K01452,ASV6570,1,0.029622995,0.000752734,Bacteria,Proteobacteria,Alphaproteobacteria,Rhodobacterales,Rhodobacteraceae,Roseobacter,NA
91845,K01452,ASV6582,1,0.00358793,9.12E-05,Bacteria,Proteobacteria,Alphaproteobacteria,Rhodobacterales,Rhodobacteraceae,NA,NA
91845,K01452,ASV6585,1,0.00358793,9.12E-05,Bacteria,Proteobacteria,Alphaproteobacteria,Rhodobacterales,Rhodobacteraceae,Donghicola,NA
1124040,K03791,ASV6601,1,0.004175094,0.040945571,Bacteria,Proteobacteria,Gammaproteobacteria,Betaproteobacteriales,Aquaspirillaceae,Rivicola,NA
806566,K01452,ASV6605,1,2.76E-05,7.02E-07,Bacteria,Proteobacteria,Alphaproteobacteria,Rhodobacterales,Rhodobacteraceae,Paracoccus,NA
